angDist,Name,ref,JName,RA,DEC,Binary Type,Companion,Dist (Kpc),ra_epoch2000,dec_epoch2000,errHalfMaj,errHalfMin,errPosAng,source_id,ra,ra_error,dec,dec_error,parallax,parallax_error,parallax_over_error,pm,pmra,pmra_error,pmdec,pmdec_error,astrometric_n_good_obs_al,astrometric_gof_al,astrometric_chi2_al,astrometric_excess_noise,astrometric_excess_noise_sig,astrometric_params_solved,pseudocolour,pseudocolour_error,visibility_periods_used,ruwe,duplicated_source,phot_g_mean_flux,phot_g_mean_flux_error,phot_g_mean_mag,phot_bp_mean_flux,phot_bp_mean_flux_error,phot_bp_mean_mag,phot_rp_mean_flux,phot_rp_mean_mag,phot_bp_rp_excess_factor,bp_rp,dr2_radial_velocity,dr2_radial_velocity_error,dr2_rv_nb_transits,dr2_rv_template_teff,dr2_rv_template_logg,panstarrs1,sdssdr13,skymapper2,urat1,phot_g_mean_mag_error,phot_bp_mean_mag_error,phot_rp_mean_mag_error,phot_g_mean_mag_corrected,phot_g_mean_mag_error_corrected,phot_g_mean_flux_corrected,phot_bp_rp_excess_factor_corrected,ra_epoch2000_error,dec_epoch2000_error,ra_dec_epoch2000_corr,Source,RA_ICRS,DE_ICRS,rgeo,b_rgeo,B_rgeo,rpgeo,b_rpgeo,B_rpgeo,Flag,BP-GP,Gabs,BP-RP
0.26783,J1012+5307,nll+95,J1012+5307,10:12:33.438234,+53:07:02.28278,ELL1,He,0.7,153.139310604,53.11737459516,0.0047019,0.0043362999999999995,64.89,851610861391010944,153.13933086797,0.2043,53.117259390179996,0.204,1.7448,0.2906,6.0045,26.065,2.736,0.292,-25.921,0.271,478,-1.4597,452.0,0.0,0.0,31,,,25,0.9520000000000001,0,275.616,0.794976,19.586607,177.922,7.2728,19.712970000000002,131.78799999999998,19.448206,1.124,0.26476500000000003,,,0,,,1.7174153139308147e+17,1.2376577707107942e+18,,,0.004171,0.044469,0.06284400000000001,19.586607,0.004171,275.616,-0.042,4.6382,4.4044,0.0622,851610861391010944,153.13933086797,53.117259390179996,596.803284,491.693939,693.379089,622.554382,539.314941,735.20575,10022,0.2647640000000031,10.361116799928716,0.2647640000000031
1.6410069999999999,J1232-6501,clm+01,J1232-6501,12:32:17.840,-65:01:03.33,ELL1,He,5.422999999999999,188.07446965589,-65.01804385147,0.0135752,0.0076132000000000005,31.27,5861102248369005184,188.07438159976002,0.4883,-65.01804331364,0.5486,-0.2686,0.6839,-0.3927,8.368,-8.368,0.594,0.121,0.769,274,3.5879,394.52,2.238,2.7969999999999997,95,1.2233,0.1414,22,1.158,0,154.174,0.912008,20.217337,48.4121,4.62169,21.126158,235.898,18.816082,1.844,2.310076,,,0,,,,,,,0.006989,0.10368800000000002,0.043210000000000005,20.203043,0.006912000000000001,156.217,0.465,9.5919,12.2573,0.4767,5861102248369005184,188.07438159976002,-65.01804331364,5913.34131,2923.69312,10655.1182,6904.12354,4343.36768,10652.7148,10033,2.3100759999999987,6.546138977822725,2.3100759999999987
4.155542,J1232-6501,clm+01,J1232-6501,12:32:17.840,-65:01:03.33,ELL1,He,5.422999999999999,188.07190937128001,-65.01812499011,0.0077196,0.0047466,30.79,5861102248367635328,188.07178709601,0.2867,-65.01812314489,0.3319,1.3632,0.3981,3.4242,11.627,-11.619000000000002,0.35,0.415,0.44,330,-2.4056,288.37,0.0,0.0,95,1.24,0.0869,25,0.9059999999999999,0,219.576,0.8220049999999999,19.833405,71.826,4.33386,20.697838,235.149,18.81954,1.3980000000000001,1.878298,,,0,,,,,,,0.00491,0.065571,0.028668,19.826652,0.00489,220.946,0.08,5.678,7.0628,0.4064,5861102248367635328,188.07178709601,-65.01812314489,1363.48206,876.048584,2210.94458,4855.77637,2970.73071,7423.84424,10033,1.878298000000001,6.1622069778227235,1.878298000000001
0.30418,J1417-4402,crr+16,J1417-4402,14:17:30.60,-44:02:57.4,ELL1,MS,4.4,214.37738870855,-44.049304998000004,0.0007723,0.0006902,160.84,6096705840454620800,214.37735925119998,0.04,-44.04932767897,0.0332,0.1974,0.0471,4.1903,6.981,-4.763999999999999,0.043,-5.103,0.047,186,-0.6895,174.44,0.0,0.0,31,,,14,0.9620000000000001,0,9255.87,49.6846,15.771324,3916.13,73.7048,16.3564,7667.78,15.036222,1.252,1.320178,,,0,,,,,308806436.0,,0.006447,0.020624,0.016737000000000002,15.771324,0.006447,9255.87,0.002,0.6995,0.7639,-0.0697,6096705840454620800,214.37735925119998,-44.04932767897,4240.56934,3536.00098,4917.92188,4034.70093,3470.3457,5148.63525,10033,1.3201780000000003,2.554060617569064,1.3201780000000003
0.41154700000000005,J1435-6100,clm+01,J1435-6100,14:35:20.2765,-61:00:57.956,ELL1,CO,2.8139999999999996,218.83447239871998,-61.015984744380006,0.0038622,0.0035104,13.17,5878387705005976832,218.83442414284,0.1251,-61.01599910659,0.1783,0.4205,0.2539,1.6563,6.1739999999999995,-5.261,0.217,-3.2310000000000003,0.23800000000000002,465,2.5081,623.3,0.737,2.306,95,1.2003,0.0433,22,1.083,0,508.88699999999994,1.01125,18.920815,115.225,7.871410000000001,20.184677,775.203,17.524357000000002,1.75,2.66032,,,0,,,,,,,0.0035,0.074223,0.016416999999999998,18.900420999999998,0.003475,518.536,0.319,3.5295,3.8447,0.0424,5878387705005976832,218.83442414284,-61.01599910659,3054.50635,1970.6322,5255.22754,2520.68628,2015.25989,3361.28125,10033,2.6603199999999987,6.674194534506366,2.6603199999999987
2.549847,J1435-6100,clm+01,J1435-6100,14:35:20.2765,-61:00:57.956,ELL1,CO,2.8139999999999996,218.83302620563998,-61.0161402776,0.0089211,0.006586799999999999,19.67,5878387705005976704,218.83298282409,0.2443,-61.016157202719995,0.3766,0.6973,0.5024,1.388,6.072,-4.73,0.42700000000000005,-3.8080000000000003,0.5479999999999999,359,0.5539,383.75,0.0,0.0,95,1.4255,0.0908,18,1.02,0,210.60299999999998,0.714527,19.878706,83.0705,9.81607,20.539925,370.892,18.324776,2.156,2.2151490000000003,,,0,,,,,,,0.0046,0.128327,0.12128499999999999,19.866107,0.004566,213.06099999999998,0.79,6.891,8.6883,0.1916,5878387705005976704,218.83298282409,-61.016157202719995,3040.43628,1973.13037,4568.21045,2519.75464,1874.88599,3657.72192,10033,2.2151490000000003,7.632085534506366,2.2151490000000003
2.023097,J1525-5545,nbb+14,J1525-5545,15:25:28.1340,-55:45:49.842,ELL1,CO,3.139,231.36654342735,-55.7634341817,0.0079568,0.0063184,159.2,5883769122922896768,231.36651897229,0.2769,-55.76345596811999,0.3488,-0.0605,0.4226,-0.1431,5.797999999999999,-3.096,0.41,-4.902,0.495,288,0.859,346.61,0.9940000000000001,1.232,95,1.1347,0.0901,17,1.035,0,240.407,0.8923030000000001,19.735,66.3256,4.382969999999999,20.78434,275.953,18.645807,1.4240000000000002,2.1385330000000002,,,0,,,,,349527006.0,,0.004882,0.07180299999999999,0.026059,19.723763,0.004848,242.908,0.069,6.5475,7.7693,-0.1526,5883769122922896768,231.36651897229,-55.76345596811999,4357.19824,2797.80664,7116.04932,3601.2019,2477.24927,5733.02295,10033,2.138532999999999,7.251043421499787,2.138532999999999
2.9855240000000003,B1620-26,lbb+88,J1623-2631,16:23:38.2218,-26:31:53.769,BT,HeT,1.8,245.91004340133,-26.531162777589998,0.0026252,0.0018589000000000001,95.16,6045465849831947392,245.90997684200002,0.1267,-26.53125239896,0.0736,0.4793,0.1348,3.556,24.21,-13.399000000000001,0.165,-20.165,0.12,348,7.627,608.26,0.488,7.77,95,1.4383,0.0187,12,1.304,0,2940.33,3.33523,17.016376,1555.35,26.3603,17.358969000000002,3069.34,16.030282999999997,1.5730000000000002,1.328686,,,0,,,7.616245909991296e+16,,,,0.003018,0.018611000000000003,0.009907,17.01728,0.003018,2937.88,0.322,2.6199,1.8664,-0.0629,6045465849831947392,245.90997684200002,-26.53125239896,2406.92773,1849.57422,3533.08252,2114.20874,1745.302,2698.74976,10033,1.3286860000000047,5.740013474483472,1.3286860000000047
0.9365879999999999,J1638-4725,lfl+06,J1638-4725,16:38:12.94,-47:25:32,MSS,MS,4.742,249.55375812575,-47.42579257915,0.0089201,0.005294,72.47,5941091169529890432,249.55372127308,0.4226,-47.425831755489995,0.2359,0.1594,0.4729,0.3371,10.448,-5.61,0.545,-8.815,0.36,441,0.6214,507.51,1.024,1.195,95,1.179,0.0829,17,1.02,0,206.847,0.6884939999999999,19.898243,48.6523,5.167009999999999,21.120783,309.418,18.521532,1.7309999999999999,2.5992509999999998,,,0,,,,,,,0.004543999999999999,0.11534200000000001,0.033048,19.878877,0.004494,210.57,0.31,8.6541,5.7185,0.2991,5941091169529890432,249.55372127308,-47.425831755489995,5191.03027,3199.97705,7230.63525,4292.07324,3312.76001,5982.14111,10033,2.599250999999999,6.518435251789157,2.599250999999999
2.772525,J1708-3506,kjv+10,J1708-3506,17:08:17.62215,-35:06:22.640,DD,He,3.32,257.07374658487004,-35.10556488638,0.0053085,0.0032501999999999995,81.45,5977336192371788544,257.07373015288,0.2498,-35.10557797818,0.1238,0.4181,0.2588,1.616,4.2219999999999995,-3.025,0.326,-2.946,0.203,547,-1.5805,513.42,0.0,0.0,31,,,19,0.9520000000000001,0,414.056,0.8198850000000001,19.144718,105.785,4.31206,20.277480999999998,412.55,18.209206,1.252,2.068276,,,0,,,,,,,0.0034950000000000003,0.044344999999999996,0.012931999999999999,19.144718,0.0034950000000000003,414.056,-0.09300000000000001,5.2718,3.3095,0.1484,5977336192371788544,257.07373015288,-35.10557797818,4583.51367,2416.19189,6823.59131,3583.74805,2422.58496,4810.12793,10033,2.068275,6.539027581479818,2.068275
0.954241,B1718-19,lbhb93,J1721-1936,17:21:01.48,-19:36:51,ELL1,*,8.6,260.25622611358,-19.61390758219,0.013796899999999999,0.0087919,103.33,4122055387333099008,260.25620745556,0.6105,-19.61392271872,0.4094,0.0894,0.7172,0.1247,5.218999999999999,-3.9539999999999997,0.846,-3.406,0.555,284,1.0331,322.53,0.626,0.2197,31,,,17,1.043,0,174.854,0.90135,20.080679,73.4311,4.46614,20.673842999999998,123.48299999999999,19.51888,1.126,1.154963,,,0,,,8.446260256182366e+16,,,,0.0062380000000000005,0.066094,0.1262,20.080679,0.0062380000000000005,174.854,-0.106,13.5773,9.1272,-0.2047,4122055387333099008,260.25620745556,-19.61392271872,5842.00342,3358.81177,8795.05859,8534.96289,7150.30762,10098.6484,10033,1.1549629999999986,5.40818674378216,1.1549629999999986
4.2911660000000005,B1718-19,lbhb93,J1721-1936,17:21:01.48,-19:36:51,ELL1,*,8.6,260.255707276,-19.61527733474,0.025229400000000003,0.0143654,115.21,4122055387337186432,260.25571762582996,1.2109,-19.61531389171,0.6975,2.2286,1.4575,1.529,8.513,2.194,1.466,-8.225,1.024,220,1.0387,265.22,1.85,1.867,95,1.1678,0.2032,14,1.0490000000000002,0,125.681,0.9948620000000001,20.43919,52.0219,7.7519800000000005,21.048079,103.85600000000001,19.706818,1.24,1.341261,,,0,,,8.446260255717197e+16,,,,0.009025,0.161814,0.062837,20.439961,0.009031,125.59200000000001,-0.012,23.6325,16.8639,-0.4159,4122055387337186432,260.25571762582996,-19.61531389171,4349.07812,1334.33191,7270.4165,7834.16504,6581.73633,9586.31348,10033,1.341261000000003,5.76669774378216,1.341261000000003
0.114665,J1723-2837,fsk+04,J1723-2837,17:23:23.1856,-28:37:57.17,ELL1,MS,0.9279999999999999,260.84664062788,-28.632558446679997,0.0007025,0.0005386,101.89,4059795674516044800,260.8465812119,0.0355,-28.632665334240002,0.0253,1.0663,0.0439,24.2984,26.759,-11.734000000000002,0.044000000000000004,-24.05,0.034,282,1.3499,320.28,0.069,0.606,31,,,16,1.057,0,11448.0,37.8843,15.540544,4519.81,66.3141,16.20074,10128.8,14.733996,1.28,1.466744,,,0,,,7.364260846575115e+16,,160956673.0,,0.004528,0.016172,0.012023,15.540544,0.004528,11448.0,0.013000000000000001,0.6963,0.5465,-0.1078,4059795674516044800,260.8465812119,-28.632665334240002,904.364563,871.680115,945.82666,902.240784,861.815552,939.148743,10033,1.4667440000000003,5.702804118905691,1.4667440000000003
1.57392,J1731-1847,kjv+10,J1731-1847,17:31:17.609823,-18:47:32.666,BTX,UL,4.782,262.82292643151,-18.792514010079998,0.0151183,0.0085845,80.21,4121864828231575168,262.8229114934,0.6268,-18.79254675289,0.4398,0.7071,0.7172,0.9859,8.025,-3.182,0.929,-7.367000000000001,0.534,373,28.1219,1865.49,4.119,28.28,95,1.3791,0.1102,18,2.2,0,301.283,3.04129,19.489929999999998,134.934,7.971019999999999,20.013235,453.392,18.10671,1.953,1.906525,,,0,,,8.544262822900931e+16,,,,0.011301,0.064199,0.019405000000000002,19.482707,0.01123,303.29400000000004,0.631,14.9696,8.8412,0.196,4121864828231575168,262.8229114934,-18.79254675289,6405.41699,3689.7627,8685.1416,5384.37793,3955.23828,6822.82031,10033,1.906525000000002,6.091882141101216,1.906525000000002
2.125734,J1731-1847,kjv+10,J1731-1847,17:31:17.609823,-18:47:32.666,BTX,UL,4.782,262.82345714078997,-18.79182197643,0.0056185,0.0032588,82.4,4121864828231576448,262.8234513341,0.2262,-18.79182863637,0.162,0.4741,0.2505,1.8929,1.943,-1.237,0.34600000000000003,-1.4980000000000002,0.2,435,4.658,604.89,1.031,4.547,95,1.4228,0.0428,17,1.162,0,594.745,1.0804,18.75154,227.71900000000002,7.72186,19.445045,621.732,17.763887,1.4280000000000002,1.6811580000000002,,,0,,,8.54526282340602e+16,,,,0.0033880000000000004,0.036923000000000004,0.020574000000000002,18.747906,0.003385,596.739,0.136,5.5857,3.3146,0.1484,4121864828231576448,262.8234513341,-18.79182863637,4233.94238,2545.29468,6864.9209,3862.48218,2887.12378,4951.72412,10033,1.681158,5.353492141101217,1.681158
3.175291,J1731-1847,kjv+10,J1731-1847,17:31:17.609823,-18:47:32.666,BTX,UL,4.782,262.82416441461004,-18.79193987086,0.0022355,0.0012521,77.5,4121864759540010624,262.82416487049,0.0918,-18.79196420549,0.0646,0.2352,0.1044,2.253,5.476,0.09699999999999999,0.136,-5.475,0.079,471,1.4718,535.88,0.174,0.6207,31,,,18,1.048,0,1818.52,1.56653,17.538069,525.109,5.1428,18.537917999999998,1952.21,16.521576,1.3619999999999999,2.016342,,,0,,,8.545262824183002e+16,,,,0.0029100000000000003,0.010993000000000001,0.005174,17.538069,0.0029100000000000003,1818.52,0.025,2.1993,1.3147,0.2506,4121864759540010624,262.82416487049,-18.79196420549,4465.80762,3294.67969,6177.979,3926.41895,2770.73779,5212.93213,10033,2.016341999999998,4.140021141101219,2.016341999999998
1.248594,J1744-3922,fsk+04,J1744-3922,17:44:02.675,-39:22:21.1,ELL1,UL,4.541,266.01110716265,-39.37287331874,0.0043784,0.0025405000000000002,90.8,5961137018897556608,266.01108007250997,0.1953,-39.372898203220004,0.1638,-0.6707,0.2307,-2.9071,7.318,-4.712,0.272,-5.599,0.15,357,0.6302,381.6,0.0,0.0,95,1.4432,0.0378,16,1.023,0,632.49,1.18791,18.684734,245.28,6.81893,19.364386,733.948,17.583733,1.548,1.7806529999999998,,,0,,,,,,,0.003428,0.030313,0.018084,18.679565,0.0034219999999999997,635.508,0.243,4.3781,2.541,-0.0159,5961137018897556608,266.01108007250997,-39.372898203220004,7543.97461,5546.59424,10256.2227,5530.60986,4123.06836,8320.28906,10033,1.780653000000001,5.398976490495166,1.780653000000001
1.752307,J1744-3922,fsk+04,J1744-3922,17:44:02.675,-39:22:21.1,ELL1,UL,4.541,266.01163673919,-39.37222295811,0.0068766999999999995,0.0044534,84.37,5961137018897556480,266.01163202272005,0.3469,-39.37227545388,0.2995,1.2737,0.3849,3.309,11.84,-0.82,0.424,-11.812000000000001,0.264,352,3.3339,478.09,1.1159999999999999,2.8539999999999996,95,1.2765,0.0665,15,1.128,0,344.37300000000005,1.47424,19.344793,256.872,13.1069,19.31425,678.585,17.668884,2.716,1.6453669999999998,,,0,,,,,,,0.005403,0.055470000000000005,0.043549000000000004,19.341688,0.005392,345.36,1.4280000000000002,6.8575,4.483,0.0871,5961137018897556480,266.01163202272005,-39.37227545388,1205.0271,819.936768,2121.07666,4537.71094,3404.54468,5821.06055,10033,1.6453660000000028,6.059035490495166,1.6453660000000028
3.8899019999999997,J1745-23,ccb+20,J1745-23,17:45.5,-23:25,BT,UL,7.941,266.37582742771,-23.41743545701,0.0017629000000000002,0.0010277,93.07,4068800644775259520,266.37581738174,0.0869,-23.417445000479997,0.0637,-0.0896,0.1247,-0.7187,2.985,-2.074,0.111,-2.147,0.062,324,0.0802,396.63,0.28,2.6189999999999998,95,1.275,0.0164,14,1.002,0,2941.83,4.41676,17.015823,810.291,16.3353,18.066938,4156.21,15.701153,1.6880000000000002,2.365786,,,0,,,7.989266375817946e+16,,,,0.003201,0.022065,0.011002,17.000536,0.0031899999999999997,2983.54,0.301,1.7612,1.0305,-0.0605,4068800644775259520,266.37581738174,-23.417445000479997,8555.24316,6108.30322,11255.918,7088.12012,6093.66016,8692.4248,10033,2.3657850000000007,2.5164470198949473,2.3657850000000007
4.401248000000001,J1745-23,ccb+20,J1745-23,17:45.5,-23:25,BT,UL,7.941,266.37525054857,-23.417867422660002,0.0024023000000000004,0.0016764,87.64,4068800640549326592,266.37523190999,0.1259,-23.417900844520002,0.0963,0.0422,0.166,0.2542,8.447000000000001,-3.8480000000000003,0.149,-7.52,0.10099999999999999,348,3.6943,493.98,0.556,4.1419999999999995,95,1.3235,0.0255,15,1.1440000000000001,0,1447.5,2.01403,17.78582,421.35900000000004,19.1741,18.776913,1984.49,16.503775,1.662,2.273138,,,0,,,7.989266375242894e+16,,,,0.0031420000000000003,0.049485,0.024659,17.772185999999998,0.003133,1465.79,0.289,2.4012,1.6779,0.0303,4068800640549326592,266.37523190999,-23.417900844520002,7886.14746,5056.56641,11119.1211,4967.93164,3564.72607,9271.21875,10033,2.2731379999999994,3.2864440198949474,2.2731379999999994
0.962144,J1755-3716,nbb+14,J1755-3716,17:55:35.4462,-37:16:10.78,ELL1,CO,8.181000000000001,268.89748992102994,-37.26944794464,0.007153199999999999,0.0047461000000000005,83.99,4037273763727266816,268.89746875304,0.3828,-37.26948003728,0.2805,-0.2922,0.4136,-0.7065,8.155,-3.79,0.44,-7.221,0.28600000000000003,248,3.0514,336.62,1.265,4.461,95,1.3366,0.0756,15,1.14,0,452.801,2.0862,19.047598,180.68400000000003,8.9302,19.696241,414.973,18.202847,1.315,1.493395,,,0,,,,,,,0.005711,0.053734000000000004,0.034183,19.04658,0.005707,453.226,0.046,7.1312,4.7791,0.0876,4037273763727266816,268.89746875304,-37.26948003728,6874.4873,4456.80273,8913.55273,7353.96533,5223.42383,8843.52832,10033,1.493394000000002,4.483566036693539,1.493394000000002
3.7755330000000002,J1801-3210,kjv+10,J1801-3210,18:01:25.8896,-32:10:53.714,ELL1,He,6.111000000000001,270.35776982037004,-32.18054212885,0.0017912,0.0011480000000000001,70.17,4043712194582703360,270.35773430291,0.0957,-32.18056964432,0.0772,0.067,0.1057,0.6336,9.169,-6.763999999999999,0.107,-6.191,0.07400000000000001,426,14.1146,1039.86,0.603,18.45,95,1.4008,0.0164,16,1.524,0,3931.77,5.36595,16.700897,1418.94,37.9261,17.458633,6060.14,15.291688,1.902,2.166946,,,0,,,,,,,0.003128,0.029154000000000003,0.042270999999999996,16.689156,0.003121,3974.52,0.544,1.7295,1.2391,0.2815,4043712194582703360,270.35773430291,-32.18056964432,7103.23242,5399.03076,9150.3291,6717.75391,5552.06006,7782.17725,10033,2.1669449999999983,2.770335581400868,2.1669449999999983
4.727335,J1801-3210,kjv+10,J1801-3210,18:01:25.8896,-32:10:53.714,ELL1,He,6.111000000000001,270.35632774043,-32.18147259025,0.0103774,0.0065908,72.95,4043712194583157376,270.3562674047,0.5736,-32.18146170088,0.4228,-4.0232,0.6673,-6.0292,11.748,-11.49,0.624,2.45,0.419,414,25.7819,2014.7,3.775,41.58,95,1.1406,0.0933,13,2.026,0,454.749,2.5932,19.042938,223.46599999999998,16.4171,19.465511,540.8430000000001,17.915218,1.681,1.550293,,,0,,,,,,,0.006776999999999999,0.079813,0.028356,19.041171,0.006768000000000001,455.49,0.40399999999999997,10.1076,6.9975,0.2547,4043712194583157376,270.3562674047,-32.18146170088,8019.59766,5643.98291,10259.3594,5804.96826,4934.74121,6942.98682,10033,1.550293,5.112376581400866,1.550293
3.5813330000000003,B1802-07,dbl+93,J1804-0735,18:04:49.8954,-07:35:24.69,BT,*,7.8,271.20756222673,-7.5892540051,0.0021494,0.0013642,59.6,4171019732457000448,271.2075312594,0.0975,-7.589270050569999,0.0869,-0.1873,0.1108,-1.6914,7.792999999999999,-6.907,0.122,-3.61,0.098,222,0.6865,255.46,0.12300000000000001,0.2235,95,1.3267,0.0302,16,1.032,0,1742.74,6.28181,17.584282,613.935,27.9822,18.368237,2964.48,16.068023999999998,2.053,2.3002130000000003,,,0,,,9.889271207567328e+16,,,,0.004786,0.049565,0.041538,17.570164000000002,0.004745,1765.55,0.6759999999999999,1.9783,1.6023,0.3799,4171019732457000448,271.2075312594,-7.589270050569999,7237.0376,5682.84229,9782.54297,8471.49512,6989.66846,9655.27148,10033,2.300213000000003,3.1238089865476013,2.300213000000003
0.055720000000000006,J1816+4510,slr+14,J1816+4510,18:16:35.93436,+45:10:33.8618,ELL1,MS,4.356,274.14972623215,45.17608819898,0.0020394000000000002,0.0018195,54.56,2115337192179377792,274.14972586259,0.0936,45.176068645620006,0.0956,0.2225,0.1013,2.1962,4.4,-0.059000000000000004,0.12300000000000001,-4.4,0.11699999999999999,404,1.952,476.01,0.507,2.546,31,,,28,1.069,0,992.8860000000001,1.8575099999999998,18.195118,739.2589999999999,10.9368,18.166552,372.13300000000004,18.32115,1.119,-0.154598,,,0,,,1.6221274149761194e+17,,,676257246.0,0.003423,0.016303,0.025374,18.195118,0.003423,992.8860000000001,-0.031,1.9682,1.8963,0.1074,2115337192179377792,274.14972586259,45.176068645620006,4093.76831,3115.09717,5942.65625,3808.41919,2988.94604,5118.45654,10022,-0.154598,4.999678644581312,-0.154598
3.772657,J1841+0130,fsk+04,J1841+0130,18:41:17.761,+01:30:16.9,ELL1,He,4.23,280.32380962267,1.50366468734,0.0068853000000000004,0.0042007,42.68,4278829630701898624,280.32380479849996,0.2923,1.50363694994,0.3107,0.1083,0.3252,0.333,6.335,-1.085,0.35,-6.2410000000000005,0.364,178,0.2505,189.16,0.44799999999999995,0.3194,95,1.2874,0.0822,14,1.012,0,296.411,1.2286299999999999,19.507631,44.7762,6.2563699999999995,21.210924,371.231,18.323784,1.403,2.88714,,,0,,,1.0980280323844482e+17,,,458284950.0,0.0052770000000000004,0.15173,0.018930000000000002,19.483649,0.005193,303.031,-0.061,5.5968,5.8077,0.4563,4278829630701898624,280.32380479849996,1.50363694994,6759.12695,2823.84985,10053.4355,3662.55054,2846.98145,5228.0127,11033,2.8871399999999987,6.375929163124788,2.8871399999999987
2.347778,J1900+0308,csl+12,J1900+0308,19:00:50.5548,+03:08:24.079,ELL1,He,4.801,285.21000736392,3.1398806872600002,0.0168362,0.011787,57.3,4268809368930904448,285.2100021527,0.839,3.1398544201200003,0.8221,1.2635,0.962,1.3133,6.025,-1.171,0.966,-5.91,0.821,162,-1.077,154.26,0.0,0.0,95,1.1737,0.2162,12,0.938,0,122.045,1.37069,20.471071,24.1634,5.13517,21.88065,213.15900000000002,18.926138,1.945,2.954512,,,0,,,1.1176285210001829e+17,,,,0.012501,0.230756,0.027168,20.446112,0.012231,124.883,0.47,15.5335,13.4574,0.3143,4268809368930904448,285.2100021527,3.1398544201200003,3088.83081,1368.79443,5446.9624,4584.68604,2964.07959,6967.31592,20033,2.9545119999999976,7.064412470154171,2.9545119999999976
2.9864919999999997,J1903+0327,crl+08,J1903+0327,19:03:05.793213,+03:27:19.20911,DD,MS,6.122000000000001,285.77487446784,3.45572103791,0.004619300000000001,0.0038491999999999997,69.8,4269206808044419456,285.77485449886,0.2256,3.45569442375,0.2681,0.2069,0.3373,0.6133,7.481,-4.485,0.281,-5.9879999999999995,0.245,200,-1.5068,215.94,0.5920000000000001,0.8897,95,1.0518,0.0629,14,0.9229999999999999,0,433.097,1.44826,19.095903,52.5567,8.5763,21.036972,644.465,17.724897,1.609,3.312075,,,0,,,1.1214285774874731e+17,,,,0.0045579999999999996,0.17719400000000002,0.034437999999999996,19.070312,0.004490999999999999,443.42699999999996,0.083,4.5343,3.9489,0.118,4269206808044419456,285.77485449886,3.45569442375,5300.36523,3114.92407,8229.69434,7404.57031,6094.96631,8457.1709,10033,3.312075,5.1614363736934195,3.312075
3.323209,J1906+0055,lbh+15,J1906+0055,19:06:48.68051,+00:55:07.886,ELL1,He,4.477,286.7019667082,0.91916964176,0.008259200000000001,0.004237100000000001,52.27,4267290492395577216,286.70193107628,0.3435,0.91915156192,0.3134,0.2306,0.3186,0.7236,8.988999999999999,-8.016,0.429,-4.0680000000000005,0.37,202,1.8561,247.69,0.809,1.074,31,,,15,1.093,0,366.126,1.19739,19.27829,77.9311,7.70643,20.609266,419.25199999999995,18.19171,1.358,2.417557,,,0,,,1.0910286701966342e+17,,,455300991.0,0.004494,0.107402,0.020297,19.27829,0.004494,366.126,-0.037000000000000005,7.0277,6.0645,0.5708,4267290492395577216,286.70193107628,0.91915156192,5696.53516,3072.21899,8069.21094,4590.57129,3422.49756,6322.82031,10033,2.417556000000001,6.023354528082773,2.417556000000001
1.967225,J1913+0618,lbh+15,J1913+0618,19:13:17.8786,+06:18:08.277,DD,He/CO(?),5.8629999999999995,288.32476779882006,6.30277312531,0.0148945,0.012771700000000002,120.22,4306019007065371776,288.32475326433996,0.6411,6.302737957200001,0.7455,0.5343,0.9511,0.5618,8.554,-3.25,0.909,-7.912999999999999,0.853,181,2.0487,243.15,1.5490000000000002,1.328,95,0.8411,0.1366,11,1.11,0,155.584,1.3082,20.207453,80.4678,17.3794,20.574486,305.66900000000004,18.534765,2.4819999999999998,2.039721,,,0,,,1.1556288324818386e+17,,,,0.009536,0.234514,0.096029,20.197951999999997,0.00946,156.952,1.141,14.3864,13.3413,-0.1331,4306019007065371776,288.32475326433996,6.302737957200001,3620.46216,2059.08765,5633.17969,5427.21533,3738.06128,7994.6333,10033,2.039721,6.366853529076014,2.039721
1.9867720000000002,B1913+16,ht75a,J1915+1606,19:15:27.99942,+16:06:27.3868,DDH,NS,4.167,288.86620372726003,16.10727757181,0.008899700000000002,0.005518100000000001,36.11,4321052865779414784,288.86618929716,0.3296,16.107252750029996,0.4049,0.1757,0.4791,0.3668,6.397,-3.1189999999999998,0.431,-5.585,0.5,281,1.089,314.55,1.02,1.002,95,1.4064,0.1146,18,1.046,0,211.071,0.941733,19.876293,55.7206,4.86661,20.973503,211.829,18.932934,1.268,2.040569,,,0,,,1.2732288866204923e+17,,,,0.005573,0.09486900000000001,0.021712000000000002,19.866777,0.005536,212.93,-0.073,6.8836,7.8912,0.4274,4321052865779414784,288.86618929716,16.107252750029996,3931.86743,2492.49561,5886.8667,4861.53076,3156.93042,6830.72803,10033,2.0405690000000014,6.7771754977136105,2.0405690000000014
3.728939,B1913+16,ht75a,J1915+1606,19:15:27.99942,+16:06:27.3868,DDH,NS,4.167,288.86585278849,16.10828945112,0.0162934,0.0114719,39.97,4321052870118390784,288.86584504506,0.6355,16.10827132759,0.7544,0.0811,0.9696,0.0837,4.408,-1.6740000000000002,0.86,-4.078,0.9179999999999999,289,3.8404,413.95,3.8569999999999998,5.025,95,0.9786,0.2014,18,1.1640000000000001,0,114.249,0.8669549999999999,20.542738,30.3931,5.31924,21.631607000000002,129.3,19.468903,1.3980000000000001,2.162705,,,0,,,1.2733288865785038e+17,,,,0.008687,0.19004000000000001,0.06275800000000001,20.531072,0.008604,115.48299999999999,0.04,13.669,14.4995,0.3325,4321052870118390784,288.86584504506,16.10827132759,4264.15674,2375.16113,6711.25732,5650.69531,3160.12256,8004.22998,10033,2.1627040000000015,7.44362049771361,2.1627040000000015
4.0144589999999996,J1928+1245,pkr+19,J1928+1245,19:28:45.39360,+12:45:53.374,ELL1,UL,6.079,292.1899030752,12.76565656523,0.017975900000000003,0.0124248,51.99,4316237352772471936,292.18989515859,0.7243,12.76562903383,0.9439,1.2028,1.3126,0.9164,6.434,-1.7369999999999999,1.018,-6.195,0.956,201,2.4283,256.26,1.6469999999999998,1.6640000000000001,95,1.8997,0.2145,11,1.124,0,117.21,0.854791,20.514951999999997,36.4033,4.81562,21.43569,113.507,19.61034,1.2790000000000001,1.82535,,,0,,,1.2331292189946928e+17,,,,0.008384,0.143654,0.050601,20.509067,0.008343000000000001,117.84700000000001,-0.032,16.0976,14.7775,0.3442,4316237352772471936,292.18989515859,12.76562903383,4384.00732,2324.05493,7176.11328,6832.61523,4741.76904,9197.37891,10033,1.8253500000000003,6.595791283077791,1.8253500000000003
3.6460169999999996,J1930+2441,pkr+19,J1930+2441,19:30:45.39844,+24:41:01.564,ELL1,He,3.2680000000000002,292.68817850422,24.68424749742,0.006391600000000001,0.0039247,167.71,2021366816754116480,292.68816089549,0.1827,24.68422246358,0.2704,0.4192,0.403,1.0403,6.685,-3.6,0.249,-5.632999999999999,0.392,600,3.0085,735.29,0.9470000000000001,1.554,95,1.414,0.066,22,1.088,0,245.958,0.667482,19.710214999999998,80.4175,5.96477,20.575165,259.82,18.711212,1.383,1.863953,,,0,,,1.3762292688118162e+17,,,,0.004034,0.08058,0.026475,19.703699,0.004021,247.438,0.067,4.0689,6.3008,-0.2064,2021366816754116480,292.68816089549,24.68422246358,5658.92041,2891.89062,11022.3389,4521.08984,3049.93066,6899.4873,10033,1.8639529999999986,7.1388047606981075,1.8639529999999986
1.398946,J1932+1756,lbh+15,J1932+1756,19:32:07.2277,+17:56:17.31,DD,CO(?),2.116,293.0297547707,17.93795924121,0.004479,0.0034731000000000002,36.93,4323058035681161600,293.02974144718996,0.1941,17.93793362525,0.2085,0.9153,0.2693,3.3994,6.431,-2.852,0.243,-5.763999999999999,0.26,344,2.5066,445.05,1.035,2.935,95,1.2507,0.0614,19,1.097,0,377.31199999999995,1.09216,19.245615,74.0721,0.9592809999999999,20.664406,551.485,17.89406,1.6580000000000001,2.770346,,,0,,,1.2952293029750605e+17,,,,0.00418,0.014334999999999999,0.026461000000000002,19.223429,0.004132,385.101,0.21100000000000002,3.8665,4.1441,0.2398,4323058035681161600,293.02974144718996,17.93793362525,1508.14465,1075.34729,2151.96021,2034.80005,1374.7168,2720.81982,10033,2.770346,7.618036683184261,2.770346
4.116313,J1933+1726,lbh+15,J1933+1726,19:33:22.9828,+17:26:49.606,ELL1,CO,4.072,293.34686453558,17.44666508479,0.0096624,0.005896800000000001,40.6,4322183408559267328,293.34684598229,0.3636,17.4466332724,0.4038,0.1772,0.4905,0.3612,8.191,-3.9819999999999998,0.485,-7.1579999999999995,0.521,295,0.854,334.47,0.687,0.372,95,1.2412,0.1036,19,1.035,0,180.34599999999998,0.737649,20.0471,38.1211,3.9336,21.385628,221.05900000000003,18.886625,1.4369999999999998,2.499003,,,0,,,1.2893293346891632e+17,,,,0.005226,0.112068,0.033576999999999996,20.029462,0.005166,183.3,0.031,7.7191,8.2795,0.453,4322183408559267328,293.34684598229,17.4466332724,4511.66113,2997.75952,6535.34766,5156.53857,3466.41748,6699.72852,10033,2.499003000000002,6.998061153356488,2.499003000000002
4.203453,J1933+1726,lbh+15,J1933+1726,19:33:22.9828,+17:26:49.606,ELL1,CO,4.072,293.34463920929,17.44757829119,0.011295200000000002,0.0069801,39.74,4322183408559268352,293.3446309269,0.4414,17.44754918383,0.4946,0.0678,0.5869,0.1156,6.7860000000000005,-1.778,0.5660000000000001,-6.5489999999999995,0.614,298,0.7836,333.82,1.003,0.7355,95,1.3217,0.1267,18,1.031,0,145.19899999999998,0.743143,20.282457,31.5154,3.5042800000000005,21.592236,172.658,19.154927999999998,1.406,2.437307,,,0,,,1.2893293344660765e+17,,,,0.006202,0.12075799999999999,0.039258999999999995,20.265902,0.0061270000000000005,147.43,0.009000000000000001,8.9974,9.7648,0.4413,4322183408559268352,293.3446309269,17.44754918383,4040.92188,2657.12866,5642.77783,5341.98047,3462.25708,7480.54541,10033,2.4373080000000016,7.233418153356489,2.4373080000000016
0.36280999999999997,J1946+2052,sfc+18,J1946+2052,19:46:14.130,+20:52:24.64,DD,NS,3.51,296.55893276377003,20.87342600151,0.0066907,0.005505899999999999,45.88,1825839908094612992,296.55892144265,0.2909,20.87340257887,0.3188,1.1331,0.4443,2.5501,5.7829999999999995,-2.38,0.389,-5.27,0.38299999999999995,403,3.1332,513.4,1.4580000000000002,2.144,95,1.4226,0.0969,22,1.112,0,213.65900000000002,0.900745,19.863064,74.7227,5.68951,20.654911,272.288,18.660324,1.624,1.9945869999999999,,,0,,,1.3304296558960872e+17,,,,0.005343,0.082717,0.031538,19.854344,0.005311,215.382,0.29,6.1452,6.1088,0.1924,1825839908094612992,296.55892144265,20.87340257887,1421.93774,945.623047,2257.02368,4221.64111,2813.07471,6129.1792,10033,1.9945869999999992,7.136528417670881,1.9945869999999992
0.9764079999999999,J1946+3417,bck+13,J1946+3417,19:46:25.131145,+34:17:14.68898,DDH,He,6.941,296.60449717247997,34.287209318209996,0.021472099999999997,0.0134851,159.92,2047074979178939648,296.60449280386,0.603,34.28718569246,0.7863,3.1428,0.839,3.7461,5.377000000000001,-0.812,0.9229999999999999,-5.316,1.2919999999999998,268,20.1534,1186.06,5.452000000000001,29.07,95,0.6529,0.1978,24,1.9980000000000002,0,159.886,1.89825,20.177841,216.48,44.8228,19.5,351.212,18.383972,3.551,1.116028,,,0,,,,,,,0.013182,0.22482199999999997,0.062665,20.180581,0.013212999999999999,159.483,2.323,14.6552,20.6912,-0.297,2047074979178939648,296.60449280386,34.28718569246,742.462219,349.097534,1211.6283,7485.1875,563.735107,9444.41504,11133,1.116028,5.970730777988205,1.116028
2.889779,J1949+3106,dfc+12,J1949+3106,19:49:29.6374604,+31:06:03.80604,DDGR,CO,7.468,297.37256793907,31.10120486981,0.0043445,0.0034143,167.94,2033684263247409920,297.37256018501,0.1517,31.10118579059,0.1884,0.3395,0.2369,1.433,4.545,-1.494,0.215,-4.293,0.268,419,3.7475,564.5,0.996,3.34,95,1.3466,0.0486,27,1.1320000000000001,0,437.847,0.998294,19.08406,176.918,6.961110000000001,19.719114,413.338,18.207132,1.348,1.511982,,,0,,,1.4532297372515206e+17,,,,0.003704,0.042811,0.020424,19.082801999999997,0.0037020000000000004,438.35400000000004,0.076,3.4602,4.3081,-0.0989,2033684263247409920,297.37256018501,31.10118579059,4405.57959,2785.76807,8215.20117,5105.52588,3525.16626,8228.01953,10033,1.5119819999999997,4.7180384536147955,1.5119819999999997
0.11363599999999999,B1953+29,bbf83,J1955+2908,19:55:27.875316,+29:08:43.43625,DD,He,6.305,298.86611706641,29.145416451990002,0.0026693000000000003,0.0021676,3.08,2028584968839606784,298.86610094842996,0.102,29.145381667240006,0.1372,0.4749,0.1695,2.8013,8.443,-3.167,0.135,-7.827000000000001,0.16699999999999998,444,0.2359,507.15,0.491,1.3880000000000001,95,1.2325,0.0353,25,1.0070000000000001,0,625.026,0.975332,18.697622,80.9995,3.9422099999999998,20.567337,852.6289999999999,17.420996,1.494,3.146341,,,0,,,1.4297298866060507e+17,,,596460157.0,0.003235,0.052916,0.007373,18.672031,0.003214,639.933,-0.009000000000000001,2.1692,2.668,0.0225,2028584968839606784,298.86610094842996,29.145381667240006,2594.24487,1896.64685,3552.66333,3842.91919,2741.31323,6925.58496,10033,3.1463409999999996,4.699196545454498,3.1463409999999996
4.846221,B1953+29,bbf83,J1955+2908,19:55:27.875316,+29:08:43.43625,DD,He,6.305,298.86584099551004,29.144079609400002,0.0032853,0.0028975000000000003,165.6,2028584968841270272,298.86582618332994,0.1356,29.14405924235,0.1754,-0.0045,0.2183,-0.0205,5.428999999999999,-2.911,0.182,-4.583,0.201,454,-0.3737,486.39,0.0,0.0,95,1.2266,0.0451,24,0.987,0,408.254,0.833894,19.16004,69.5137,5.745019999999999,20.733366,531.748,17.933632,1.473,2.799734,,,0,,,1.4297298865796347e+17,,,596460152.0,0.0035369999999999998,0.089775,0.01469,19.137391,0.003508,416.86,0.022000000000000002,2.923,3.2626,-0.0606,2028584968841270272,298.86582618332994,29.14405924235,6045.63428,3799.08789,10869.3877,5504.7959,3679.25781,8834.72852,10033,2.799734000000001,5.161614545454498,2.799734000000001
1.2348649999999999,J1957+2516,lbh+15,J1957+2516,19:57:34.6115,+25:16:02.076,ELL1,UL(?),2.659,299.39393209329,25.267014423449996,0.0014789999999999998,0.0011425,165.35,1834595697110606976,299.39391705058,0.0508,25.26698794301,0.0681,0.3074,0.0995,3.0901,6.6979999999999995,-3.0610000000000004,0.07200000000000001,-5.957999999999999,0.091,681,0.4585,737.84,0.0,0.0,95,1.3729,0.0172,25,1.012,0,1313.17,1.2403600000000001,17.891562,508.30199999999996,8.898760000000001,18.573238,1447.18,16.846592,1.489,1.726646,,,0,,,1.3832299393942096e+17,,,577460386.0,0.00294,0.019211000000000002,0.013503999999999999,17.887237,0.002939,1318.42,0.191,1.167,1.4598,-0.1267,1834595697110606976,299.39391705058,25.26698794301,3435.49829,2459.80835,4970.75732,3156.54834,2467.19922,3878.89648,10033,1.7266459999999988,5.767970313342165,1.7266459999999988
3.22057,J1957+2516,lbh+15,J1957+2516,19:57:34.6115,+25:16:02.076,ELL1,UL(?),2.659,299.39324577027,25.267062445100002,0.0023969,0.0018031,171.93,1834595692810135168,299.39323548653,0.0798,25.267040788400003,0.105,0.4489,0.1597,2.8118,5.303,-2.092,0.11199999999999999,-4.873,0.149,663,1.7375,761.19,0.345,0.9544,31,,,24,1.048,0,753.7339999999999,0.9245049999999999,18.494322,171.668,13.6666,19.751818,935.988,17.31972,1.47,2.432098,,,0,,,1.38322993932991e+17,,,,0.0030600000000000002,0.08648099999999999,0.01231,18.494322,0.0030600000000000002,753.7339999999999,0.073,1.8167,2.3866,-0.0799,1834595692810135168,299.39323548653,25.267040788400003,3291.46362,2327.40332,4664.10889,2897.75708,2311.89111,4187.55811,10033,2.432098,6.370730313342165,2.432098
3.6198900000000003,J2045+3633,bcf+17,J2045+3633,20:45:01.50504,+36:33:01.4033,DDH,CO,5.629,311.25511174417005,36.55076904565,0.0083645,0.0070683000000000005,7.43,1870594154473946496,311.25509738012994,0.3409,36.55075811593,0.3587,-0.056,0.4884,-0.1147,3.576,-2.596,0.444,-2.459,0.523,370,0.2275,389.18,0.0,0.0,95,1.5669,0.1146,24,1.008,0,149.12,0.674987,20.253525,50.189,4.83315,21.087019,130.328,19.460304,1.2109999999999999,1.626715,,,0,,,1.5186311255141152e+17,,,,0.005634,0.104592,0.046507,20.25069,0.0056229999999999995,149.51,-0.075,7.092,8.3445,0.0434,1870594154473946496,311.25509738012994,36.55075811593,5168.8252,3163.81299,7960.27979,4967.06885,4108.08789,6629.44141,10033,1.6267150000000008,6.501368756698991,1.6267150000000008
4.112381,J2052+1219,cck+16,J2052+1219,20:52:47,+12:18,BT,UL,3.923,313.19575011636,12.298860569219999,0.0028826999999999998,0.0017342,59.96,1757928331843909376,313.19572100521,0.1273,12.29879744505,0.1102,0.4289,0.1738,2.4675,15.578,-6.4,0.16,-14.203,0.125,511,0.2408,534.71,0.0,0.0,31,,,17,1.0070000000000001,0,976.743,0.979727,18.212915,497.425,8.320310000000001,18.596724,665.2760000000001,17.69039,1.19,0.906334,,,0,,,1.227531319573091e+17,,,512612571.0,0.002963,0.018374,0.013531999999999999,18.212915,0.002963,976.743,-0.018000000000000002,2.6422,2.0823,0.4177,1757928331843909376,313.19572100521,12.29879744505,2433.56421,1745.03882,3327.08252,4223.48438,3410.06836,5135.09375,10033,0.9063339999999975,5.244823459352318,0.9063339999999975
1.748747,J2053+4650,bcf+17,J2053+4650,20:53:52.62804,+46:50:51.7181,DDH,CO,3.81,313.46967298376,46.8481056818,0.0058632,0.0048083,32.36,2166801586266246784,313.46965923681,0.2104,46.848095767909996,0.234,0.3943,0.2613,1.5091,3.074,-2.115,0.32,-2.231,0.349,377,1.8925,465.4,0.659,0.7034,95,1.2301,0.0671,24,1.069,0,268.374,0.7896479999999999,19.615517,68.3524,3.94746,20.751657,278.593,18.63547,1.2930000000000001,2.116188,,,0,,,1.642131346967084e+17,,,,0.004219,0.062765,0.024463,19.604675,0.004195,271.067,-0.057999999999999996,5.1327,5.5815,0.1776,2166801586266246784,313.46965923681,46.848095767909996,3034.26147,1843.17773,5864.73926,3439.23999,2003.70654,4758.36719,10033,2.116187,6.710892121621903,2.116187
3.391239,J2055+3829,goc+19,J2055+3829,20:55:10.306550,+38:29:30.90571,ELL1,UL,4.588,313.79177004612,38.49171050667,0.0016795000000000002,0.0012305,173.53,1872588458108866432,313.79175109683,0.0568,38.49169320238,0.0735,0.1402,0.0857,1.6352,5.127999999999999,-3.3369999999999997,0.077,-3.8930000000000002,0.10400000000000001,417,0.053,432.02,0.0,0.0,31,,,26,1.001,0,1471.11,1.3447799999999999,17.768253,452.625,5.56251,18.699196,1465.7,16.83278,1.304,1.8664150000000002,,,0,,,1.5419313791767066e+17,,,643450676.0,0.0029289999999999997,0.013632,0.005566,17.768253,0.0029289999999999997,1471.11,-0.013000000000000001,1.2372,1.6746,-0.0706,1872588458108866432,313.79175109683,38.49169320238,5223.4375,4064.20752,6945.91553,4283.04395,3430.8252,5457.07275,10033,1.866416000000001,4.46013595385385,1.866416000000001
1.388665,J2129-0429,hrm+11,J2129-0429,21:29:45.039,-04:29:05.59,ELL1,MS,1.83,322.43769551642004,-4.485270444509999,0.0013160000000000001,0.0008477000000000001,58.38,2672030065446134656,322.43774947867,0.0605,-4.4852251379300005,0.0551,0.4831,0.07,6.9022,15.825,12.104000000000001,0.07400000000000001,10.193999999999999,0.06,336,1.7382,393.63,0.157,1.133,31,,,17,1.067,0,3524.01,14.4,16.819773,1621.94,24.965,17.313456,2695.27,16.17139,1.225,1.1420649999999999,,,0,,,1.0261322437713816e+17,1.2376801898954755e+18,4828859.0,428464649.0,0.005222999999999999,0.016943,0.014237999999999999,16.819773,0.005222999999999999,3524.01,-0.006,1.2056,0.9986,0.3758,2672030065446134656,322.43774947867,-4.4852251379300005,1986.72644,1799.75842,2299.77856,1730.23914,1585.66199,1879.9718,10033,1.1420659999999998,5.507517551347856,1.1420659999999998
