Name,ref,JName,RA,DEC,Binary Type,Companion,Dist (Kpc)
J0023+0923,hrm+11,J0023+0923,00:23:16.878141,+09:23:23.8652,ELL1,UL,1.111
B0021-72E,mlr+91,J0024-7204E,00:24:11.10528,-72:05:20.1492,DD,*,4.690
B0021-72H,mlr+91,J0024-7204H,00:24:06.7032,-72:04:06.8067,DD,He,4.690
B0021-72I,mlr+91,J0024-7204I,00:24:07.9347,-72:04:39.6815,ELL1,UL,4.690
B0021-72J,mlr+91,J0024-7204J,00:23:59.4077,-72:03:58.7908,BTX,UL,4.690
J0024-7204O,clf+00,J0024-7204O,00:24:04.65254,-72:04:53.7670,BTX,UL,4.690
J0024-7204P,clf+00,J0024-7204P,00:24:20,-72:04:10,BT,UL,4.690
J0024-7204Q,clf+00,J0024-7204Q,00:24:16.4909,-72:04:25.1644,ELL1,He,4.690
J0024-7204R,clf+00,J0024-7204R,00:24:07.5851,-72:04:50.3954,ELL1,UL,4.690
J0024-7204S,clf+00,J0024-7204S,00:24:03.9794,-72:04:42.3530,ELL1,He,4.690
J0024-7204T,clf+00,J0024-7204T,00:24:08.5491,-72:04:38.932,ELL1,He,4.690
J0024-7204U,clf+00,J0024-7204U,00:24:09.8366,-72:03:59.6882,ELL1,He,4.690
J0024-7204V,clf+00,J0024-7204V,00:24:05.67,-72:04:52.62,BTX,*,4.690
J0024-7204W,clf+00,J0024-7204W,00:24:06.058,-72:04:49.088,BTX,MS,4.690
J0024-7204X,fre08,J0024-7204X,00:24:22.38565,-72:01:17.4414,ELL1,*,4.690
J0024-7204Y,frk+17,J0024-7204Y,00:24:01.4026,-72:04:41.8363,ELL1,He,4.690
J0034-0534,bhl+94,J0034-0534,00:34:21.83422,-05:34:36.722,ELL1,He,1.348
J0045-7319,mmh+91,J0045-7319,00:45:35.16,-73:19:03.0,BT,MS,59.700
J0101-6422,kcj+12,J0101-6422,01:01:11.1163,-64:22:30.171,BT,He,1.002
J0102+4839,hrm+11,J0102+4839,01:03,+48:00,BT,He,2.380
J0214+5222,slr+14,J0214+5222,02:14:55.2713,+52:22:40.95,BT,He,1.161
J0218+4232,nbf+95,J0218+4232,02:18:06.358569,+42:32:17.37515,ELL1,He,3.150
J0251+26,cck+16,J0251+26,02:51:08,+26:05,BT,UL,1.155
J0337+1715,rsa+14,J0337+1715,03:37:43.82589,+17:15:14.828,ELL1,HeT,1.300
J0348+0432,lbr+13,J0348+0432,03:48:43.639000,+04:32:11.4580,ELL1,He,2.100
J0407+1607,lxf+05,J0407+1607,04:07:54.939,+16:07:16.4,BT,He,1.340
J0437-4715,jlh+93,J0437-4715,04:37:15.8961737,-47:15:09.110714,T2,He,0.157
J0453+1559,dsm+13,J0453+1559,04:53:45.41368,+15:59:21.3063,DDH,NS,0.522
J0509+0856,mgf+19,J0509+0856,05:09:22.23485,+08:56:25.0248,ELL1,He(?),0.817
J0509+3801,slr+14,J0509+3801,05:09:31.7880,+38:01:18.083,DDGR,NS,1.562
J0514-4002A,fgri04,J0514-4002A,05:14:06.69271,-40:02:48.8930,DDH,*,13.200
J0557+1550,skl+15,J0557+1550,05:57:31.44918,+15:50:06.046,ELL1,He,1.834
J0605+3757,san16,J0605+3757,06:05:05.5439,+37:57:35.96,DD,He,0.215
J0610-2100,bjd+06,J0610-2100,06:10:13.595462,-21:00:27.9313,ELL1,UL,3.259
J0613-0200,lnl+95,J0613-0200,06:13:43.975823,-02:00:47.23123,ELL1H,He,0.780
J0614-3329,rrc+11,J0614-3329,06:14:10.3478,-33:29:54.118,BT,He,0.630
J0621+1002,cnst96,J0621+1002,06:21:22.11436,+10:02:38.7352,DD,CO,0.420
J0621+2514,san16,J0621+2514,06:21:10.8542,+25:14:03.83,ELL1,He,1.641
J0636+5129,slr+14,J0636+5129,06:36:04.847206,+51:28:59.96683,ELL1,UL,0.210
J0653+4706,bph+17a,J0653+4706,06:53,+47:06,BT,*,0.912
B0655+64,dth78,J0700+6418,07:00:37.802,+64:18:11.20,BT,CO,0.413
J0709+0458,mgf+19,J0709+0458,07:09:08.36539,+04:58:51.4941,DDH,CO,1.203
J0721-2038,bkl+13,J0721-2038,07:21:42.9047,-20:38:07.061,BT,CO,2.682
J0732+2314,mgf+19,J0732+2314,07:32:37.5156,+23:14:54.21,ELL1,He(?),1.151
J0737-3039A,bdp+03,J0737-3039A,07:37:51.248419,-30:39:40.71431,DDS,NS,1.100
J0737-3039B,lbk+04,J0737-3039B,07:37:51.248419,-30:39:40.71431,DD,NS,1.100
J0740+6620,slr+14,J0740+6620,07:40:45.792765,+66:20:33.51965,ELL1,He,0.929
J0751+1807,lzc95,J0751+1807,07:51:09.155331,+18:07:38.4864,ELL1H,He,1.110
B0820+02,mlt+78,J0823+0159,08:23:09.7651,+01:59:12.469,BT,CO,2.500
J0824+0028,dsm+13,J0824+0028,08:24:24.84022,+00:28:00.567,DDH,CO(?),1.689
J0900-3144,bjd+06,J0900-3144,09:00:43.953088,-31:44:30.89520,ELL1,CO(?),0.890
J0952-0607,bph+17,J0952-0607,09:52:08.32141,-06:07:23.490,ELL1,UL,5.600
J0955-61,ckr+15,J0955-61,09:55,-61:48,BT,*,2.168
J1012-4235,ckr+15,J1012-4235,10:12:07,-42:35,BT,He,0.372
J1012+5307,nll+95,J1012+5307,10:12:33.438234,+53:07:02.28278,ELL1,He,0.700
J1017-7156,kjb+12,J1017-7156,10:17:51.32828,-71:56:41.64586,DD,He,0.256
J1022+1001,cnst96,J1022+1001,10:22:57.9957,+10:01:52.765,DD,CO,0.719
J1023+0038,asr+09,J1023+0038,10:23:47.68720,+00:38:40.8455,ELL1,MS,1.368
J1036-8317,ckr+15,J1036-8317,10:36,-83:17,BT,He,0.929
J1045-4509,bhl+94,J1045-4509,10:45:50.18696,-45:09:54.1223,ELL1,He,0.340
J1048+2339,cck+16,J1048+2339,10:48:43.4183,+23:39:53.411,ELL1,MS,2.002
J1056-7117,nbb+14,J1056-7117,10:56:45.980,-71:17:53.394,ELL1,He,1.690
J1101-6424,ncb+15,J1101-6424,11:01:37.1923,-64:24:39.332,ELL1,CO,2.174
J1125-5825,kjv+10,J1125-5825,11:25:44.36564,-58:25:16.8798,DD,He,1.744
J1125-6014,fsk+04,J1125-6014,11:25:55.2180,-60:14:06.608,ELL1,He,0.989
J1125+7819,slr+14,J1125+7819,11:25:59.8397,+78:19:48.7129,ELL1,He(?),0.878
J1137+7528,san16,J1137+7528,11:37:02.0573,+75:28:02.3111,ELL1,He,3.833
J1141-6545,klm+00a,J1141-6545,11:41:07.0140,-65:45:19.1131,DD,CO,10.000
J1142+0119,san16,J1142+0119,11:42:50.145,+01:19:35.69,ELL1,He,2.169
J1157-5112,eb01,J1157-5112,11:57:08.166,-51:12:56.14,ELL1,CO,0.960
J1216-6410,fsk+04,J1216-6410,12:16:07.3396,-64:10:09.226,ELL1,He,1.099
J1227-4853,rrb+15,J1227-4853,12:27:58.724,-48:53:42.741,ELL1,MS,1.613
J1227-6208,btb+15,J1227-6208,12:27:00.4413,-62:08:43.789,ELL1H,CO,9.470
J1231-1411,rrc+11,J1231-1411,12:31:11.3132,-14:11:43.63,BT,He,0.420
J1232-6501,clm+01,J1232-6501,12:32:17.840,-65:01:03.33,ELL1,He,5.423
J1244-6359,ncb+15,J1244-6359,12:44:47.693,-63:59:47.4,DD,CO,8.497
B1257+12,wol90a,J1300+1240,13:00:03.5767,+12:40:56.4721,BT2P,ULT,0.709
J1301+0833,rap+12,J1301+0833,13:01:38.26,+08:33:57.5,BT,UL,1.233
B1259-63,jlm+92,J1302-6350,13:02:47.638337,-63:50:08.62859,MSS,MS,2.632
J1306-4035,kbj+18,J1306-4035,13:06:56.30,-40:35:23.3,BT,MS,4.700
J1311-3430,pgf+12,J1311-3430,13:11:45.7242,-34:30:30.350,ELL1,UL,2.430
J1312+0051,san16,J1312+0051,13:12:46.64232,+00:51:00.104,DD,He,1.471
B1310+18,kapw91,J1312+1810,13:12:55,+18:10,BT,*,20.600
J1327-0755,blr+13,J1327-0755,13:27:57.5880,-07:55:29.80,ELL1,He,25.000
J1337-6423,kjb+12,J1337-6423,13:37:31.883,-64:23:04.915,ELL1,CO,5.940
J1342+2822B,hrs+07,J1342+2822B,13:42:11.0871,+28:22:40.141,ELL1,He,9.900
J1342+2822D,hrs+07,J1342+2822D,13:42:10.2,+28:22:36,DD,He,9.900
J1400-1431,rsm+13,J1400-1431,14:00:37.00361,-14:31:47.045,ELL1,He,0.278
J1405-4656,btb+15,J1405-4656,14:05:21.4255,-46:56:02.31,ELL1,He,0.669
J1411+2551,msf+17,J1411+2551,14:11:18.866,+25:51:08.39,DD,NS,1.131
J1417-4402,crr+16,J1417-4402,14:17:30.60,-44:02:57.4,ELL1,MS,4.400
J1420-5625,hfs+04,J1420-5625,14:20:03.062,-56:25:55.00,BT,CO(?),1.329
J1421-4409,kbj+18,J1421-4409,14:21:20.9646,-44:09:04.541,ELL1,He(?),2.085
J1431-4715,btb+15,J1431-4715,14:31:44.6177,-47:15:27.574,ELL1,MS,1.562
J1431-5740,bbb+13,J1431-5740,14:31:03.4953,-57:40:11.670,BT,He,3.554
J1435-6100,clm+01,J1435-6100,14:35:20.2765,-61:00:57.956,ELL1,CO,2.814
J1439-5501,fsk+04,J1439-5501,14:39:39.7420,-55:01:23.621,ELL1,CO,0.654
J1446-4701,kjb+12,J1446-4701,14:46:35.71391,-47:01:26.7675,ELL1,UL,1.569
J1454-5846,clm+01,J1454-5846,14:54:10.908,-58:46:34.74,BT,CO,2.985
J1455-3330,lnl+95,J1455-3330,14:55:47.97016,-33:30:46.3859,DDH,He,1.010
J1502-6752,kjb+12,J1502-6752,15:02:18.615,-67:52:16.759,ELL1,UL,7.730
J1513-2550,san16,J1513-2550,15:13:23.32059,-25:50:31.285,ELL1,UL,3.956
J1514-4946,kcj+12,J1514-4946,15:14:19.1141,-49:46:15.516,ELL1,He,0.909
J1516-43,brs+19,J1516-43,15:16:32.3,-43:20:00,ELL1,*,3.037
B1516+02B,wakp89,J1518+0204B,15:18:31.458,+02:05:15.47,BT,He,8.500
J1518+0204C,hrs+07,J1518+0204C,15:18:32.788893,+02:04:47.8153,ELL1,He(?),8.000
J1518+0204D,hrs+07,J1518+0204D,15:18:34,+02:04:58,BT,He,8.000
J1518+0204E,hrs+07,J1518+0204E,15:18:34,+02:04:58,BT,He,8.000
J1518+4904,nst96,J1518+4904,15:18:16.799084,+49:04:34.25119,DD,NS,0.964
J1525-5545,nbb+14,J1525-5545,15:25:28.1340,-55:45:49.842,ELL1,CO,3.139
J1528-3146,jbo+07,J1528-3146,15:28:34.9542,-31:46:06.836,DD,CO,0.774
J1529-3828,nbb+14,J1529-3828,15:29:15.1066,-38:28:45.85,DD,He,4.296
B1534+12,wol91a,J1537+1155,15:37:09.961730,+11:55:55.43387,DD,NS,1.051
J1537-5312,ccb+20,J1537-5312,15:37:37.69466,-53:12:25.057,ELL1,He,3.054
J1543-5149,kjb+12,J1543-5149,15:43:44.1498,-51:49:54.685,ELL1,He,1.148
J1544+4937,brr+13,J1544+4937,15:44:04.48722,+49:37:55.2545,ELL1,UL,2.991
J1545-4550,bbb+13,J1545-4550,15:45:55.94596,-45:50:37.5272,BT,He,2.247
J1546-3747A,lr11,J1546-3747A,15:46:03.44,-37:47:10.1,BT,*,6.446
J1547-5709,ccb+20,J1547-5709,15:47:24.1248,-57:09:17.5699,ELL1,He,2.695
J1600-3053,jbo+07,J1600-3053,16:00:51.903059,-30:53:49.39714,DDH,He,2.000
J1603-7202,llb+96,J1603-7202,16:03:35.67751,-72:02:32.72985,ELL1,CO(?),0.530
J1614-2230,crh+06a,J1614-2230,16:14:36.507341,-22:30:31.2707,ELL1H,CO,0.700
J1618-3921,eb01b,J1618-3921,16:18:18.8248,-39:21:01.815,T2,He,5.516
J1618-4624,ccb+20,J1618-4624,16:18:52.77579,-46:24:34.950,ELL1,CO,3.045
J1622-0315,san16,J1622-0315,16:22:59.6285,-03:15:37.328,BT,MS,1.141
J1622-6617,kjb+12,J1622-6617,16:22:03.6681,-66:17:16.978,ELL1,He(?),4.047
B1620-26,lbb+88,J1623-2631,16:23:38.2218,-26:31:53.769,BT,HeT,1.800
J1628-3205,rap+12,J1628-3205,16:28:07.00,-32:05:48.9,BT,MS,1.225
J1630+3734,san16,J1630+3734,16:30:36.46693,+37:34:42.097,ELL1,He,1.187
J1638-4725,lfl+06,J1638-4725,16:38:12.94,-47:25:32,MSS,MS,4.742
J1640+2224,wol95,J1640+2224,16:40:16.745069,+22:24:08.82406,DDH,He(?),1.515
B1639+36B,and92,J1641+3627B,16:41:41,+36:27:37,BT,He,6.500
J1641+3627D,hrs+07,J1641+3627D,16:41:41,+36:27:37,BT,*,6.500
J1641+3627E,hrs+07,J1641+3627E,16:41:41,+36:27:37,BT,UL,6.500
J1641+8049,slr+14,J1641+8049,16:41:20.8381,+80:49:52.9142,ELL1,UL,3.035
J1643-1224,lnl+95,J1643-1224,16:43:38.16185,-12:24:58.6769,DD,He,0.740
J1646-2142,rap+12,J1646-2142,16:46:18.13,-21:42:09.0,BT,*,0.967
J1653-2054,btb+15,J1653-2054,16:53:31.03,-20:54:55.1,ELL1,He(?),2.635
J1658+3630,scb+19,J1658+3630,16:58:26.5198,+36:30:30.095,ELL1,CO,0.224
J1701-3006A,dlm+01,J1701-3006A,17:01:12.50942,-30:06:30.173,BT,He,7.050
J1701-3006B,pdm+03,J1701-3006B,17:01:12.6677,-30:06:49.044,BT,He,7.050
J1701-3006C,pdm+03,J1701-3006C,17:01:12.86592,-30:06:59.415,BT,UL,7.050
J1701-3006D,cha03,J1701-3006D,17:01:13.5631,-30:06:42.559,BT,He,7.050
J1701-3006E,cha03,J1701-3006E,17:01:13.2734,-30:06:46.89,BT,UL,7.050
J1701-3006F,cha03,J1701-3006F,17:01:12.8222,-30:06:51.82,BT,UL,7.050
J1708-3506,kjv+10,J1708-3506,17:08:17.62215,-35:06:22.640,DD,He,3.320
J1709+2313,fcwa95,J1709+2313,17:09:05.792,+23:13:27.85,BT,He,2.179
J1711-4322,lfl+06,J1711-4322,17:11:10.561,-43:22:53.1,ELL1,He,3.986
J1713+0747,fwc93,J1713+0747,17:13:49.5320261,+07:47:37.50615,T2,He,1.149
J1719-1438,bbb+11a,J1719-1438,17:19:10.07293,-14:38:00.942,ELL1,UL,0.341
B1718-19,lbhb93,J1721-1936,17:21:01.48,-19:36:51,ELL1,*,8.600
J1723-2837,fsk+04,J1723-2837,17:23:23.1856,-28:37:57.17,ELL1,MS,0.928
J1727-2946,fsk+04,J1727-2946,17:27:15.09493,-29:46:36.797,BT,CO,1.882
J1727-2951,ccb+20,J1727-2951,17:27:00.402,-29:51:40.8,ELL1,UL,5.415
J1731-1847,kjv+10,J1731-1847,17:31:17.609823,-18:47:32.666,BTX,UL,4.782
J1732-5049,eb01b,J1732-5049,17:32:47.766731,-50:49:00.1917,ELL1,He,1.875
J1737-0811,blr+13,J1737-0811,17:37:47.11235,-08:11:08.887,BT,UL(?),0.206
J1738+0333,jac05,J1738+0333,17:38:53.968035,+03:33:10.88330,ELL1,He,1.471
J1740-3052,sml+01,J1740-3052,17:40:50.001,-30:52:04.30,MSS,MS,4.748
J1740-5340A,dlm+01,J1740-5340A,17:40:44.589,-53:40:40.9,BT,MS,2.200
J1741+1351,jbo+07,J1741+1351,17:41:31.1447385,+13:51:44.11589,ELL1H,He,1.075
J1744-3922,fsk+04,J1744-3922,17:44:02.675,-39:22:21.1,ELL1,UL,4.541
J1745-0952,eb01b,J1745-0952,17:45:09.1348,-09:52:39.682,ELL1,He,0.226
J1745+1017,bgc+13,J1745+1017,17:45:33.8371,+10:17:52.523,ELL1,UL,1.214
J1745-23,ccb+20,J1745-23,17:45.5,-23:25,BT,UL,7.941
J1748-2021B,frb+08,J1748-2021B,17:48:52.95290,-20:21:38.86,BT,*,8.240
J1748-2021D,frb+08,J1748-2021D,17:48:51.64665,-20:21:07.414,BT,*,8.240
J1748-2021F,frb+08,J1748-2021F,17:48:52.3339,-20:21:39.33,BT,*,8.240
B1744-24A,lmd+90,J1748-2446A,17:48:02.255,-24:46:36.9,BT,UL,5.500
J1748-2446ad,hrs+06,J1748-2446ad,17:48:04.8,-24:46:45,ELL1,*,5.500
J1748-2446ae,fre08,J1748-2446ae,17:48:04.8,-24:46:45,BT,UL,4.400
J1748-2446ai,fre08,J1748-2446ai,17:48:04.8,-24:46:45,BT,*,5.500
J1748-2446E,rhs+05,J1748-2446E,17:48:04.8,-24:46:45,BT,He,5.500
J1748-2446I,rhs+05,J1748-2446I,17:48:04.8,-24:46:45,BT,He(?),5.500
J1748-2446J,rhs+05,J1748-2446J,17:48:04.8,-24:46:45,BT,CO,5.500
J1748-2446M,rhs+05,J1748-2446M,17:48:04.8,-24:46:45,BT,He,5.500
J1748-2446N,rhs+05,J1748-2446N,17:48:04.8,-24:46:45,BT,CO,5.500
J1748-2446O,rhs+05,J1748-2446O,17:48:04.8,-24:46:45,BT,UL,5.500
J1748-2446P,rhs+05,J1748-2446P,17:48:04.8,-24:46:45,BT,MS,4.401
J1748-2446Q,rhs+05,J1748-2446Q,17:48:04.8,-24:46:45,BT,*,5.500
J1748-2446U,rhs+05,J1748-2446U,17:48:04.8,-24:46:45,BT,*,5.500
J1748-2446V,rhs+05,J1748-2446V,17:48:04.8,-24:46:45,BT,He,5.500
J1748-2446W,rhs+05,J1748-2446W,17:48:04.8,-24:46:45,BT,He,5.500
J1748-2446X,rhs+05,J1748-2446X,17:48:04.8,-24:46:45,BT,*,5.500
J1748-2446Y,rhs+05,J1748-2446Y,17:48:04.8,-24:46:45,BT,He,5.500
J1748-2446Z,fre08,J1748-2446Z,17:48:04.8,-24:46:45,BT,*,5.500
J1748-3009,kek+13,J1748-3009,17:48:23.79,-30:09:12.2,BT,He,5.053
J1750-2536,kek+13,J1750-2536,17:50:33.39,-25:36:43,BT,CO,3.220
J1750-3703A,dpm+01a,J1750-3703A,17:50:13.8016,-37:03:10.95,BT,*,13.800
J1750-3703B,frb+08,J1750-3703B,17:50:12.1770,-37:03:22.93,BT,*,13.800
J1751-2857,sfl+05,J1751-2857,17:51:32.693197,-28:57:46.520,DD,He,1.089
J1753-2240,kkl+09,J1753-2240,17:53:39.847,-22:40:42,BT,NS(?),3.232
J1755-2550,ncb+15,J1755-2550,17:55:38.400,-25:50:22.0,DD,NS(?),4.891
J1755-3716,nbb+14,J1755-3716,17:55:35.4462,-37:16:10.78,ELL1,CO,8.181
J1756-2251,fsk+04,J1756-2251,17:56:46.633812,-22:51:59.35,DD,NS,0.730
J1757-1854,cck+18,J1757-1854,17:57:03.78438,-18:54:03.376,DDH,NS,19.559
J1757-5322,eb01,J1757-5322,17:57:15.1615,-53:22:26.387,ELL1,CO,0.945
J1801-0857B,lrfs11,J1801-0857B,18:01:50.5658,-08:57:32.81,BT,*,7.200
J1801-3210,kjv+10,J1801-3210,18:01:25.8896,-32:10:53.714,ELL1,He,6.111
J1802-2124,fsk+04,J1802-2124,18:02:05.335576,-21:24:03.649,ELL1,CO,0.760
B1800-27,jlm+92,J1803-2712,18:03:31.692,-27:12:06,BT,He,3.466
B1802-07,dbl+93,J1804-0735,18:04:49.8954,-07:35:24.69,BT,*,7.800
J1804-2717,llb+96,J1804-2717,18:04:21.133087,-27:17:31.335,DD,He,0.805
J1805+06,cck+16,J1805+06,18:05:55,+06:14,BT,UL,3.883
J1806+2819,kmk+18,J1806+2819,18:06:25.0658,+28:19:01.115,ELL1,He,1.330
J1807-2459A,rgh+01,J1807-2459A,18:07:20.355604,-24:59:52.9015,BT,UL,2.790
J1807-2459B,cha03,J1807-2459B,18:07:20.871209,-25:00:01.915,DD,NS/CO(?),2.790
J1810+1744,hrm+11,J1810+1744,18:10:37.28,+17:44:37.38,BT,UL,2.361
J1810-2005,clm+01,J1810-2005,18:10:58.9919,-20:05:08.27,ELL1,He(?),3.514
J1811-1736,lcm+00,J1811-1736,18:11:55.034,-17:36:37.7,BT,NS,4.426
J1811-2405,kjv+10,J1811-2405,18:11:19.854050,-24:05:18.422,ELL1H,He,1.830
J1813-2621,fsk+04,J1813-2621,18:13:40.59165,-26:21:57.055,ELL1,He,3.013
J1816+4510,slr+14,J1816+4510,18:16:35.93436,+45:10:33.8618,ELL1,MS,4.356
J1822-0848,fsk+04,J1822-0848,18:22:51.86,-08:48:59.0,BT,He,3.826
B1820-11,cl86,J1823-1115,18:23:40.30,-11:15:11,BT,MS(?),5.371
J1824+10,cck+16,J1824+10,18:24:05,+10:17,BT,He(?),2.928
J1824-2452C,fre08,J1824-2452C,18:24:32.81,-24:52:11.20,BT,*,5.500
J1824-2452D,fre08,J1824-2452D,18:24:32.81,-24:52:11.20,BT,*,5.500
J1824-2452G,fre08,J1824-2452G,18:24:32.81,-24:52:11.20,BT,UL,5.500
J1824-2452H,fre08,J1824-2452H,18:24:32.81,-24:52:11.20,BT,*,5.500
J1824-2452I,fre08,J1824-2452I,18:24:32.53,-24:52:08.6,BT,He,5.500
J1824-2452J,fre08,J1824-2452J,18:24:32.81,-24:52:11.20,BT,UL,5.500
J1824-2452K,fre08,J1824-2452K,18:24:32.81,-24:52:11.20,BT,*,5.500
J1824-2452L,fre08,J1824-2452L,18:24:32.81,-24:52:11.20,BT,UL,5.500
J1825-0319,bbb+13,J1825-0319,18:25:55.9531,-03:19:57.570,BT,He,3.861
J1828+0625,rap+12,J1828+0625,18:28:28.03,+06:25:00.5,BT,*,0.999
J1829+2456,clm+04,J1829+2456,18:29:34.6668,+24:56:18.193,BT,NS,0.915
B1831-00,dtws85,J1834-0010,18:34:17.25,-00:10:53.3,ELL1,UL,3.352
J1835-0114,ekl09,J1835-0114,18:35:21.9179,-01:14:33.61,BT,He,3.452
J1836-2354A,lrfs11,J1836-2354A,18:36:25.4452,-23:54:52.39,BT,UL,3.200
J1837-0822,bbb+12,J1837-0822,18:37:39.654,-08:22:12.4,BT,He(?),5.239
J1840-0643,kek+13,J1840-0643,18:40:08.9402,-06:43:36.06,BT,He,4.990
J1841+0130,fsk+04,J1841+0130,18:41:17.761,+01:30:16.9,ELL1,He,4.230
J1844+0115,csl+12,J1844+0115,18:44:40.5474,+01:15:34.974,ELL1,He,4.357
J1850+0124,csl+12,J1850+0124,18:50:01.0139,+01:24:34.61,ELL1,He,3.385
J1850+0242,skl+15,J1850+0242,18:50:41.683,+02:42:57.44,ELL1,UL,12.310
J1853+1303,fsk+04,J1853+1303,18:53:57.318305,+13:03:44.05085,ELL1H,He,1.319
J1855-1436,san16,J1855-1436,18:55:54.2286,-14:36:08.98,DD,He,5.126
B1855+09,srs+86,J1857+0943,18:57:36.390426,+09:43:17.19585,ELL1,He,1.200
J1858-2216,san16,J1858-2216,18:58:17.8792,-22:16:56.4,ELL1,He,0.921
J1900+0308,csl+12,J1900+0308,19:00:50.5548,+03:08:24.079,ELL1,He,4.801
J1901+0300,skl+15,J1901+0300,19:01:59.6168,+03:00:23.324,ELL1,He,5.304
J1902-5105,kcj+12,J1902-5105,19:02:02.84821,-51:05:56.9695,ELL1,He,1.645
J1903+0327,crl+08,J1903+0327,19:03:05.793213,+03:27:19.20911,DD,MS,6.122
J1903-7051,ckr+15,J1903-7051,19:03:38.7935,-70:51:43.461,ELL1,He,0.930
J1904+0412,clm+01,J1904+0412,19:04:31.382,+04:12:05.9,BT,He,4.578
J1905+0154A,hrs+07,J1905+0154A,19:05:15.4,+01:54:33,ELL1,He(?),14.450
J1906+0055,lbh+15,J1906+0055,19:06:48.68051,+00:55:07.886,ELL1,He,4.477
J1906+0454,pkr+19,J1906+0454,19:06:47.13970,+04:54:09.042,ELL1,He,4.092
J1906+0746,lsf+06,J1906+0746,19:06:48.86,+07:46:25.9,DD,NS(?),7.400
J1909+21,cck+16,J1909+21,19:09:32,+21:03,BT,UL,2.592
J1909-3744,jbv+03,J1909-3744,19:09:47.4346749,-37:44:14.46674,T2,He,1.140
J1910+1256,fsk+04,J1910+1256,19:10:09.701485,+12:56:25.45903,DD,He,1.496
J1910-5959A,dlm+01,J1910-5959A,19:11:42.75562,-59:58:26.9029,DD,He,4.550
B1908+00A,dma+93,J1911+0101A,19:11:11.08957,+01:02:09.741,ELL1,UL,9.500
J1911-1114,llb+96,J1911-1114,19:11:49.28233,-11:14:22.481,ELL1,He,1.070
J1913+0618,lbh+15,J1913+0618,19:13:17.8786,+06:18:08.277,DD,He/CO(?),5.863
J1913+1102,lfa+16,J1913+1102,19:13:29.0542,+11:02:05.741,DD,NS,7.140
B1913+16,ht75a,J1915+1606,19:15:27.99942,+16:06:27.3868,DDH,NS,4.167
J1918-0642,eb01b,J1918-0642,19:18:48.032722,-06:42:34.90044,ELL1H,He,1.111
J1921+0137,san16,J1921+0137,19:21:30.30765,+01:37:25.539,ELL1,He,5.085
J1921+1929,pkr+19,J1921+1929,19:21:23.35070,+19:29:22.299,ELL1,He,2.434
J1928+1245,pkr+19,J1928+1245,19:28:45.39360,+12:45:53.374,ELL1,UL,6.079
J1930-1852,srm+15,J1930-1852,19:30:29.7156,-18:51:46.27,BT,NS,2.004
J1930+2441,pkr+19,J1930+2441,19:30:45.39844,+24:41:01.564,ELL1,He,3.268
J1932+1500,lsb+17,J1932+1500,19:32:46.307,+15:00:22.2,BT,He(?),2.849
J1932+1756,lbh+15,J1932+1756,19:32:07.2277,+17:56:17.31,DD,CO(?),2.116
J1933+1726,lbh+15,J1933+1726,19:33:22.9828,+17:26:49.606,ELL1,CO,4.072
J1933-6211,jbo+07,J1933-6211,19:33:32.42668,-62:11:46.876,ELL1,CO(?),0.650
J1935+1726,lcm13,J1935+1726,19:35:03.948,+17:26:28.46,ELL1,He,2.305
J1937+1658,pkr+19,J1937+1658,19:37:24.90851,+16:58:42.553,ELL1,He,3.259
J1938+2012,lbh+15,J1938+2012,19:38:40.0803,+20:12:50.827,ELL1,He,6.301
J1938+6604,slr+14,J1938+6604,19:38:56.92152,+66:04:31.7077,ELL1,CO(?),3.380
J1943+2210,skl+15,J1943+2210,19:43:16.4910,+22:10:23.151,ELL1,CO,6.774
J1946+2052,sfc+18,J1946+2052,19:46:14.130,+20:52:24.64,DD,NS,3.510
J1946+3417,bck+13,J1946+3417,19:46:25.131145,+34:17:14.68898,DDH,He,6.941
J1946-5403,ckr+15,J1946-5403,19:46:24,-54:02,BT,*,1.147
J1949+3106,dfc+12,J1949+3106,19:49:29.6374604,+31:06:03.80604,DDGR,CO,7.468
J1950+2414,kls+15,J1950+2414,19:50:45.063661,+24:14:56.9639,DDGR,He,7.269
J1952+2630,kla+11,J1952+2630,19:52:36.8401,+26:30:28.073,ELL1,CO,10.033
J1953+1846A,hrs+07,J1953+1846A,19:53:46,+18:46:42,BT,UL,6.000
B1953+29,bbf83,J1955+2908,19:55:27.875316,+29:08:43.43625,DD,He,6.305
J1957+2516,lbh+15,J1957+2516,19:57:34.6115,+25:16:02.076,ELL1,UL(?),2.659
B1957+20,fst88,J1959+2048,19:59:36.76988,+20:48:15.1222,BT,UL,1.400
J2010+3051,pkr+19,J2010+3051,20:10:03.9542,+30:51:18.892,ELL1,He,6.450
J2016+1948,naf03,J2016+1948,20:16:57.44349,+19:47:51.5882,BT,He,2.162
J2017+0603,cgj+11,J2017+0603,20:17:22.705223,+06:03:05.56393,ELL1H,He,1.399
J2017-1614,san16,J2017-1614,20:17:46.1478,-16:14:15.51,ELL1,UL,1.444
J2019+2425,ntf93,J2019+2425,20:19:31.94900,+24:25:15.3038,BT,He,1.163
J2032+4127,aaa+09c,J2032+4127,20:32:13.119,+41:27:24.31,BT,MS,1.330
J2033+1734,rtj+96,J2033+1734,20:33:27.511812,+17:34:58.4699,DD,He,1.740
J2042+0246,san16,J2042+0246,20:42:11.00287,+02:46:14.397,ELL1,He,0.640
J2043+1711,hrm+11,J2043+1711,20:43:20.8816489,+17:11:28.90810,ELL1,He,1.562
J2045+3633,bcf+17,J2045+3633,20:45:01.50504,+36:33:01.4033,DDH,CO,5.629
J2047+1053,rap+12,J2047+1053,20:47,+10:53,BT,UL,2.790
J2051-0827,sbl+96,J2051-0827,20:51:07.519768,-08:27:37.7497,ELL1,UL,1.469
J2052+1219,cck+16,J2052+1219,20:52:47,+12:18,BT,UL,3.923
J2053+4650,bcf+17,J2053+4650,20:53:52.62804,+46:50:51.7181,DDH,CO,3.810
J2055+3829,goc+19,J2055+3829,20:55:10.306550,+38:29:30.90571,ELL1,UL,4.588
J2115+5448,san16,J2115+5448,21:15:11.7678,+54:48:45.154,ELL1,UL,3.106
J2129-0429,hrm+11,J2129-0429,21:29:45.039,-04:29:05.59,ELL1,MS,1.830
B2127+11C,agk+90,J2129+1210C,21:30:01.2042,+12:10:38.209,DD,NS,14.200
J2129-5721,llb+96,J2129-5721,21:29:22.766966,-57:21:14.21183,ELL1,He,3.200
J2140-2310A,rsb+04,J2140-2310A,21:40:22.40610,-23:10:48.7936,ELL1,*,9.200
J2144-5237,bcm+15,J2144-5237,21:44:35.65,-52:37:07.53,ELL1,*,1.659
J2145-0750,bhl+94,J2145-0750,21:45:50.4588,-07:50:18.514,ELL1,CO,0.613
J2204+2700,dsm+13,J2204+2700,22:04:43.609,+27:00:54.69,DDH,He(?),3.196
J2214+3000,rrc+11,J2214+3000,22:14:38.852529,+30:00:38.19263,ELL1,UL,0.600
J2215+5135,hrm+11,J2215+5135,22:15:32.6884,+51:35:36.340,ELL1,MS,2.773
J2222-0137,blr+13,J2222-0137,22:22:05.969101,-01:37:15.72441,DD,CO,0.267
J2229+2643,cam95a,J2229+2643,22:29:50.884528,+26:43:57.6484,DD,He,1.800
J2234+0611,dsm+13,J2234+0611,22:34:23.073090,+06:11:28.68633,DDK,He,0.971
J2234+0944,rap+12,J2234+0944,22:34:46.853816,+09:44:30.2465,ELL1,UL,0.769
J2236-5527,bbb+13,J2236-5527,22:36:51.8510,-55:27:48.833,BT,He,2.053
J2241-5236,kjr+11,J2241-5236,22:41:42.01850,-52:36:36.2260,BT,UL,0.963
J2256-1024,hrm+11,J2256-1024,22:56:56.39294,-10:24:34.385,BTX,UL,2.083
J2302+4442,cgj+11,J2302+4442,23:02:46.978362,+44:42:22.08461,DDH,He(?),0.859
B2303+46,dtws85,J2305+4707,23:05:55.842,+47:07:45.32,BT,CO,3.159
J2310-0555,san16,J2310-0555,23:10:06.430,-05:55:35.9,ELL1,He,1.556
J2317+1439,cnt93,J2317+1439,23:17:09.2364,+14:39:31.265,ELL1H,He,2.160
J2322-2650,sbb+18,J2322-2650,23:22:34.64004,-26:50:58.3171,ELL1,UL,0.227
J2339-0533,rpp+20,J2339-0533,23:39:38.74,-05:33:05.32,ELL1,MS,1.100
