angDist,ID,Name  (Counterpart),RA  [hh:mm:ss],DEC  [dd:mm:ss],â [deg],b  [deg],Magnitude Outburst (AB),Mag.  Quies. (AB),d  [kpc],fxpeak [2-10] keV [erg s-1 cm-2],Porb  [h],ra_epoch2000,dec_epoch2000,errHalfMaj,errHalfMin,errPosAng,source_id,ra,ra_error,dec,dec_error,parallax,parallax_error,parallax_over_error,pm,pmra,pmra_error,pmdec,pmdec_error,astrometric_n_good_obs_al,astrometric_gof_al,astrometric_chi2_al,astrometric_excess_noise,astrometric_excess_noise_sig,astrometric_params_solved,pseudocolour,pseudocolour_error,visibility_periods_used,ruwe,duplicated_source,phot_g_mean_flux,phot_g_mean_flux_error,phot_g_mean_mag,phot_bp_mean_flux,phot_bp_mean_flux_error,phot_bp_mean_mag,phot_rp_mean_flux,phot_rp_mean_mag,phot_bp_rp_excess_factor,bp_rp,dr2_radial_velocity,dr2_radial_velocity_error,dr2_rv_nb_transits,dr2_rv_template_teff,dr2_rv_template_logg,panstarrs1,sdssdr13,skymapper2,urat1,phot_g_mean_mag_error,phot_bp_mean_mag_error,phot_rp_mean_mag_error,phot_g_mean_mag_corrected,phot_g_mean_mag_error_corrected,phot_g_mean_flux_corrected,phot_bp_rp_excess_factor_corrected,ra_epoch2000_error,dec_epoch2000_error,ra_dec_epoch2000_corr
1.449975,68,MAXI J1803-298,18:03:03,-29:49:50,1.1471843,-3.727514,i'=16.01Â±0.01,,,3.96E-9,,270.76283261688,-29.83027454705,0.0180069,0.0072186,98.37,4050252497931814656,270.76282351469,0.7020,-29.83029056298,0.5172,2.7724,0.8165,3.3954,4.018,-1.777,1.139,-3.604,0.466,96,3.4938,149.31,1.527,2.845e+00,95,1.5268,0.1310,9,1.267,0,4.72878e+02,6.57760e+00,19.000494,,,,,,,,,,0,,,72202707628063977,,,,0.015352,,,19.000494,0.015352,4.72878e+02,,17.8459,7.6079,-0.2888
1.991186,68,MAXI J1803-298,18:03:03,-29:49:50,1.1471843,-3.727514,i'=16.01Â±0.01,,,3.96E-9,,270.76266725074,-29.83108929374,0.0089730,0.0059986,89.49,4050252497931815040,270.76268831620,0.5393,-29.83111911890,0.3722,-0.7227,0.5510,-1.3116,7.870,4.112,0.547,-6.711,0.361,89,-0.1208,83.87,0.000,0.000e+00,95,1.4713,0.1320,9,0.987,0,4.05563e+02,2.58034e+00,19.167220,,,,,,,,,,0,,,72202707627293023,,,,0.007437,,,19.167220,0.007437,4.05563e+02,,8.9728,5.9989,0.0073
2.275911,68,MAXI J1803-298,18:03:03,-29:49:50,1.1471843,-3.727514,i'=16.01Â±0.01,,,3.96E-9,,270.76183493742,-29.83081403650,0.0031880,0.0013091,27.12,4050252502106059904,270.76183493742,1.8627,-29.83081403650,2.8995,,,,,,,,,52,2.2238,71.14,1.897,1.986e+00,3,,,4,,0,3.45190e+02,2.68342e+00,19.342220,,,,,,,,,,0,,,,,,,0.008879,,,19.342220,0.008879,3.45190e+02,,1.8627,2.8995,0.6348
3.287820,68,MAXI J1803-298,18:03:03,-29:49:50,1.1471843,-3.727514,i'=16.01Â±0.01,,,3.96E-9,,270.76190817745,-29.83131087161,0.0024900,0.0015366,38.43,4050252497931818240,270.76190817745,1.9607,-29.83131087161,2.1718,,,,,,,,,111,40.0826,2410.56,8.794,1.338e+02,3,,,8,,0,4.82705e+02,9.57293e+00,18.978163,5.75843e+02,2.06714e+02,18.437782,7.38392e+02,17.577179,2.723,0.860603,,,0,,,,,,,0.021708,0.389764,0.021682,18.978163,0.021708,4.82705e+02,1.518,1.9607,2.1718,0.4390
3.555737,68,MAXI J1803-298,18:03:03,-29:49:50,1.1471843,-3.727514,i'=16.01Â±0.01,,,3.96E-9,,270.76141437610,-29.83085323871,0.0026578,0.0015420,5.58,4050252502106059776,270.76141437610,1.5563,-29.83085323871,2.6495,,,,,,,,,54,12.7856,313.53,5.156,2.658e+01,3,,,6,,0,4.21004e+02,1.58088e+01,19.126652,,,,,,,,,,0,,,,,,,0.040863,,,19.126652,0.040863,4.21004e+02,,1.5563,2.6495,0.1101
3.664465,68,MAXI J1803-298,18:03:03,-29:49:50,1.1471843,-3.727514,i'=16.01Â±0.01,,,3.96E-9,,270.76346608671,-29.82997784343,0.0017661,0.0012697,78.63,4050252502088185088,270.76345424118,0.0947,-29.82999163676,0.0804,0.3657,0.1025,3.5691,3.870,-2.312,0.108,-3.103,0.078,225,-2.0545,183.86,0.000,0.000e+00,95,1.5151,0.0234,15,0.902,0,2.10607e+03,4.22034e+00,17.378687,1.07775e+03,3.45741e+01,17.757252,1.94246e+03,16.527018,1.434,1.230234,,,0,,,72202707634094289,,,,0.003511,0.034942,0.023415,17.380539,0.003513,2.10248e+03,0.194,1.7494,1.2926,0.1288
4.027696,68,MAXI J1803-298,18:03:03,-29:49:50,1.1471843,-3.727514,i'=16.01Â±0.01,,,3.96E-9,,270.76325787812,-29.82965031168,0.0058590,0.0014852,42.09,4050252502025525760,270.76325787812,4.0792,-29.82965031168,4.4602,,,,,,,,,53,5.9580,131.93,2.509,4.937e+00,3,,,5,,0,4.34231e+02,4.09318e+00,19.093065,,,,,,,,,,0,,,,,,,0.010599,,,19.093065,0.010599,4.34231e+02,,4.0792,4.4602,0.8782
4.390977,68,MAXI J1803-298,18:03:03,-29:49:50,1.1471843,-3.727514,i'=16.01Â±0.01,,,3.96E-9,,270.76356002679,-29.83135686565,0.0372544,0.0024174,132.86,4050252502025518720,270.76356002679,27.3592,-29.83135686565,25.4010,,,,,,,,,44,1.1041,48.81,1.239,1.093e+00,3,,,4,,0,4.34491e+02,3.58497e+00,19.092415,,,,,,,,,,0,,,,,,,0.009373,,,19.092415,0.009373,4.34491e+02,,27.3592,25.4010,-0.9916
4.428478,68,MAXI J1803-298,18:03:03,-29:49:50,1.1471843,-3.727514,i'=16.01Â±0.01,,,3.96E-9,,270.76333335828,-29.83155084044,0.0031441,0.0022335,78.67,4050252502025518848,270.76331325768,0.1737,-29.83156592633,0.1448,0.0797,0.1921,0.4151,5.188,-3.923,0.194,-3.394,0.138,208,12.5513,672.31,1.059,1.634e+01,95,1.2858,0.0404,15,1.684,0,1.88180e+03,1.32276e+01,17.500935,9.63582e+02,4.00928e+01,17.878820,2.51223e+03,16.247747,1.847,1.631073,,,0,,,72202707633232425,,,,0.008114,0.045262,0.023273,17.498037,0.008095,1.88683e+03,0.561,3.1139,2.2754,0.1331
2.454533,65,MAXI J1348-630,13:48:13,-63:16:28,309.2640654,-1.10297116,iâ=14.44Â±0.08,iâ=20.3Â±0.4,>3 / 2.2+0.5-0.6,1.97E-8,,207.05307847351,-63.27491918978,0.0016308,0.0013340,126.97,5864596118346825600,207.05307847351,1.5301,-63.27491918978,1.4483,,,,,,,,,140,1.9672,169.20,3.833,1.920e+00,3,,,11,,0,7.67600e+01,1.15353e+00,20.974530,1.93638e+01,6.75626e+00,22.121063,9.33042e+01,19.823141,1.468,2.297922,,,0,,,,,,,0.016547,0.378836,0.066953,20.974530,0.016547,7.67600e+01,0.091,1.5301,1.4483,-0.1908
0.793531,64,MAXI J1631-479,16:31:14,-47:48:23,336.2881394,0.31248069,,,,1.06E-8,,247.80864032891,-47.80631096002,0.0065973,0.0036586,72.93,5941220155975573888,247.80864527811,0.2936,-47.80632337128,0.1579,0.4511,0.3278,1.3763,2.891,0.748,0.398,-2.793,0.248,374,0.8767,419.35,0.282,1.703e-01,95,1.3278,0.0613,18,1.032,0,3.68588e+02,8.92980e-01,19.271015,1.09718e+02,4.74027e+00,20.237848,4.04565e+02,18.230425,1.395,2.007423,,,0,,,,,344421443,,0.003809,0.046991,0.015277,19.262074,0.003794,3.71635e+02,0.059,6.3975,3.9976,0.3306
0.903565,63,"MAXI J1820+070 
ASASSN-18ey = V3721 Oph",18:20:22,7:11:07,35.8535506,10.1591562,Vâ¼14,V=18.3,"3.46+2.18-1.03/
2.96Â±0.33",2.26E-7,16.4518Â±0.0002,275.09142659020,7.18535690540,0.0018674,0.0010252,42.40,4477902563164690816,275.09141273506,0.0613,7.18532896893,0.0678,0.3692,0.0780,4.7344,7.005,-3.093,0.091,-6.286,0.094,265,0.3784,278.83,0.000,0.000e+00,31,,,17,1.015,0,2.09064e+03,6.05349e+01,17.386671,1.18672e+03,1.18243e+02,17.652672,1.50435e+03,16.804523,1.287,0.848148,,,0,,,116622750914432872,,,486270102,0.031558,0.108217,0.090325,17.386671,0.031558,2.09064e+03,0.084,1.4692,1.5427,0.5352
2.366933,63,"MAXI J1820+070 
ASASSN-18ey = V3721 Oph",18:20:22,7:11:07,35.8535506,10.1591562,Vâ¼14,V=18.3,"3.46+2.18-1.03/
2.96Â±0.33",2.26E-7,16.4518Â±0.0002,275.09155234834,7.18463015326,0.0109053,0.0095922,45.87,4477902567457910656,275.09154575871,0.5244,7.18460120931,0.5304,-0.8728,0.6100,-1.4308,6.676,-1.471,0.647,-6.512,0.634,232,1.2288,267.39,1.628,1.404e+00,95,1.7359,0.1384,15,1.057,0,1.54611e+02,9.02098e-01,20.214264,9.81376e+01,2.22511e+01,20.358953,1.11640e+02,19.628347,1.357,0.730606,,,0,,,116622750915461999,,,,0.006908,0.246189,0.165042,20.217984,0.006928,1.54082e+02,0.162,10.2896,10.2499,0.1275
0.540672,62,MAXI J1813-095,18:13:34,-9:31:59,20.1116048,3.94826128,iâ=18.62Â±0.02,iâ>19.7,,7.1E-10,,273.39169084676,-9.53320383698,0.0141371,0.0096213,50.98,4157753231313839616,273.39169510110,0.6264,-9.53322596446,0.6731,0.7644,0.7787,0.9816,5.067,0.944,0.772,-4.979,0.703,218,0.3480,241.28,0.000,0.000e+00,95,0.9119,0.1817,15,1.015,0,1.33919e+02,9.06004e-01,20.370264,,,,,,,,,,0,,,96562733917150596,,,,0.007845,,,20.370264,0.007845,1.33919e+02,,12.5429,11.6233,0.3600
1.101704,62,MAXI J1813-095,18:13:34,-9:31:59,20.1116048,3.94826128,iâ=18.62Â±0.02,iâ>19.7,,7.1E-10,,273.39154039945,-9.53277600658,0.0059927,0.0046025,93.54,4157753227023120000,273.39152657640,0.2609,-9.53280449241,0.2862,-0.3499,0.3530,-0.9914,7.105,-3.067,0.370,-6.409,0.281,220,-1.3955,229.11,0.000,0.000e+00,95,1.0649,0.0792,13,0.932,0,3.59124e+02,1.30648e+00,19.299257,5.14305e+01,5.57995e+00,21.060492,5.78615e+02,17.841920,1.754,3.218571,,,0,,,96562733915241043,,267732978,,0.004816,0.117830,0.021406,19.273666,0.004741,3.67689e+02,0.241,5.9880,4.6086,-0.0329
2.630971,62,MAXI J1813-095,18:13:34,-9:31:59,20.1116048,3.94826128,iâ=18.62Â±0.02,iâ>19.7,,7.1E-10,,273.39120204558,-9.53362490105,0.0365594,0.0260065,61.16,4157753231321054464,273.39115657932,2.0769,-9.53367390903,2.1394,4.1494,2.5794,1.6086,14.946,-10.089,2.110,-11.027,1.695,91,0.0915,88.25,1.476,3.119e-01,95,1.3465,0.3978,9,1.003,0,9.53233e+01,1.54747e+00,20.739370,3.83539e+01,3.24054e-01,21.379019,2.47958e+02,18.761950,3.004,2.617069,,,0,,,96562733911110045,,,,0.017840,0.009588,0.061176,20.719702,0.017527,9.70658e+01,1.580,34.3942,28.8091,0.2816
2.817359,62,MAXI J1813-095,18:13:34,-9:31:59,20.1116048,3.94826128,iâ=18.62Â±0.02,iâ>19.7,,7.1E-10,,273.39105598647,-9.53355531712,0.0107452,0.0040447,48.26,4157753231321054336,273.39105598647,8.4580,-9.53355531712,7.7640,,,,,,,,,57,19.7217,620.37,23.398,2.246e+01,3,,,7,,0,8.19433e+01,1.47234e+00,20.903584,3.84567e+01,1.82407e+01,21.376112,2.87871e+02,18.599901,3.982,2.776211,,,0,,,,,,,0.019702,0.514992,0.021077,20.903584,0.019702,8.19433e+01,2.535,8.4580,7.7640,0.7497
4.036402,62,MAXI J1813-095,18:13:34,-9:31:59,20.1116048,3.94826128,iâ=18.62Â±0.02,iâ>19.7,,7.1E-10,,273.39234202016,-9.53395752530,0.0046860,0.0011201,44.21,4157753231329726592,273.39234202016,3.3648,-9.53395752530,3.4484,,,,,,,,,95,2.1206,120.74,3.007,1.293e+00,3,,,8,,0,9.74278e+01,1.24303e+00,20.715660,2.51069e+01,9.93460e+00,21.839060,1.39719e+02,19.384758,1.692,2.454302,,,0,,,96552733923479660,,,,0.014124,0.429626,0.050891,20.715660,0.014124,9.74278e+01,0.292,3.3648,3.4484,0.8918
4.400716,62,MAXI J1813-095,18:13:34,-9:31:59,20.1116048,3.94826128,iâ=18.62Â±0.02,iâ>19.7,,7.1E-10,,273.39125251667,-9.53190338499,0.0097739,0.0072130,99.40,4157753227024059904,273.39123778119,0.4306,-9.53192212795,0.4588,0.5184,0.6198,0.8364,5.336,-3.270,0.603,-4.217,0.443,195,1.5496,261.41,1.031,1.088e+00,95,0.8515,0.1250,13,1.079,0,2.16201e+02,1.07411e+00,19.850224,4.24770e+01,1.41581e+01,21.268158,2.68106e+02,18.677132,1.437,2.591026,,,0,,,96562733912222128,,,,0.006057,0.361899,0.040668,19.830998,0.005973,2.20063e+02,0.016,9.7144,7.2929,-0.0989
3.395723,61,Swift J1658.2-4242,16:58:13,-42:41:56,343.2512784,0.05342834,,,,7.2E-10,,254.55288705415,-42.69896195368,0.0097719,0.0059497,63.76,5966232529369270784,254.55286656221,0.4254,-42.69897375422,0.2736,0.6719,0.3963,1.6956,4.305,-3.389,0.560,-2.655,0.419,369,1.8548,448.23,1.325,2.267e+00,95,1.2506,0.0829,19,1.069,0,2.36729e+02,7.74918e-01,19.751740,3.42871e+01,4.19227e+00,21.500713,2.96902e+02,18.566362,1.399,2.934351,,,0,,,,,123906598,,0.004497,0.132782,0.021655,19.727069,0.004434,2.42170e+02,-0.072,9.1514,6.8660,0.3792
4.410870,58,IGR J17451-3022,17:45:07,-30:22:43,358.7115137,-0.65799919,Ks=17.4Â±0.2,Ks=17.6Â±0.1,,1.9E-10,â¼6.284Â±0.001,266.27912347117,-30.37738643616,0.0045919,0.0020359,70.61,4056777725548386816,266.27909867240,0.1997,-30.37744281471,0.1505,0.4034,0.2098,1.9225,13.568,-4.814,0.271,-12.685,0.146,355,0.7108,429.58,0.483,1.499e+00,95,1.2163,0.0391,17,1.026,0,6.95010e+02,1.18005e+00,18.582390,1.67039e+02,5.19777e+00,19.781494,8.99827e+02,17.362497,1.535,2.418997,,,0,,,71542662791197421,,,,0.003315,0.033900,0.016746,18.566159,0.003300,7.05478e+02,0.140,4.3838,2.4521,0.4936
0.501324,57,MAXI J1828-249,18:28:58,-25:01:46,8.1151012,-6.5448459,K=17.2Â±0.2,Ks=20.82Â±0.09,,4.58E-9,,277.24155430070,-25.02953945164,0.0035867,0.0026093,63.82,4076998770904777216,277.24155520366,0.2022,-25.02956705643,0.1744,0.0279,0.2321,0.1201,6.214,0.184,0.214,-6.211,0.172,207,0.7560,223.45,0.000,0.000e+00,95,1.5760,0.0510,15,1.036,0,6.68078e+02,1.57911e+00,18.625298,2.22971e+02,1.14096e+01,19.467922,5.32144e+02,17.932823,1.130,1.535099,,,0,,,77962772414644851,,,,0.003765,0.055628,0.018643,18.623735,0.003763,6.69041e+02,-0.144,3.4184,2.8262,0.2482
1.052417,57,MAXI J1828-249,18:28:58,-25:01:46,8.1151012,-6.5448459,K=17.2Â±0.2,Ks=20.82Â±0.09,,4.58E-9,,277.24197830529,-25.02936876700,0.0006444,0.0002855,28.99,4076998775244833280,277.24197830529,0.3999,-25.02936876700,0.5804,,,,,,,,,67,0.8264,70.93,0.000,0.000e+00,3,,,6,,0,7.19523e+02,7.32850e+01,18.544756,8.70643e+02,7.34389e+01,17.988943,1.26180e+03,16.995422,2.964,0.993521,,,0,,,,,,,0.110619,0.091625,0.005297,18.544756,0.110619,7.19523e+02,1.747,0.3999,0.5804,0.6095
3.433048,57,MAXI J1828-249,18:28:58,-25:01:46,8.1151012,-6.5448459,K=17.2Â±0.2,Ks=20.82Â±0.09,,4.58E-9,,277.24103920858,-25.03021006256,0.0037319,0.0008880,46.22,4076998775282271744,277.24103920858,2.7634,-25.03021006256,2.6607,,,,,,,,,68,1.9427,86.59,2.896,1.791e+00,3,,,8,,0,1.64708e+02,1.86969e+00,20.145576,,,,,,,,,,0,,,,,,,0.012629,,,20.145576,0.012629,1.64708e+02,,2.7634,2.6607,0.8927
3.918507,57,MAXI J1828-249,18:28:58,-25:01:46,8.1151012,-6.5448459,K=17.2Â±0.2,Ks=20.82Â±0.09,,4.58E-9,,277.24078386649,-25.03018264827,0.0063250,0.0045517,63.43,4076998770976570496,277.24077734508,0.4142,-25.03020998017,0.3574,1.6311,0.4353,3.7473,6.292,-1.330,0.378,-6.150,0.300,199,0.7468,215.18,0.470,2.950e-01,95,1.5658,0.0940,13,1.037,0,3.27722e+02,1.48171e+00,19.398602,2.35512e+02,1.15362e+01,19.408510,4.32540e+02,18.157830,2.038,1.250681,,,0,,,77962772408364063,,,,0.005629,0.053257,0.023575,19.400271,0.005636,3.27219e+02,0.797,6.0122,4.9575,0.2589
4.169457,57,MAXI J1828-249,18:28:58,-25:01:46,8.1151012,-6.5448459,K=17.2Â±0.2,Ks=20.82Â±0.09,,4.58E-9,,277.24042971100,-25.02973635400,0.0029700,0.0007515,45.67,4076998770976662400,277.24042971100,2.1885,-25.02973635400,2.1439,,,,,,,,,80,0.0167,74.54,0.000,0.000e+00,3,,,8,,0,1.41118e+02,1.46753e+00,20.313408,,,,,,,,,,0,,,77962772404964712,,,,0.011622,,,20.313408,0.011622,1.41118e+02,,2.1885,2.1439,0.8796
1.303200,56,Swift J1753.7-2544,17:53:40,-25:45:14,3.6476003,0.10353821,K (not AB)â¼16.5,,,7.09E-9,,268.41638707936,-25.75362882567,0.0133713,0.0082608,74.30,4067331113050349056,268.41643720888,0.6304,-25.75360445799,0.4721,5.8295,0.7655,7.6154,11.544,10.159,0.817,5.483,0.525,432,227.2016,104995.44,5.505,3.304e+03,31,,,18,15.373,0,7.44796e+03,5.65979e+01,16.007275,3.71283e+03,1.24722e+01,16.414280,7.53297e+03,15.055480,1.510,1.358800,,,0,,,77092684164265996,,181070962,,0.008699,0.004592,0.004213,16.007275,0.008699,7.44796e+03,0.256,13.0650,8.7372,0.2523
2.264091,55,Swift J174510.8-262411,17:45:11,-26:24:13,2.1108255,1.40326586,i'â¼17.6,râ>23.1Â±0.5,<7,2.9E-8,â¤21,266.29525272111,-26.40396478786,0.0149131,0.0112728,84.95,4067049844217120768,266.29522598571,0.8561,-26.40399429391,0.7406,-2.0131,1.3230,-1.5215,8.550,-5.388,0.932,-6.639,0.666,322,3.1385,451.69,2.118,2.854e+00,95,1.1201,0.1332,14,1.126,0,1.69566e+02,9.51198e-01,20.114023,,,,,,,,,,0,,,76312662952565561,,,,0.006685,,,20.114023,0.006685,1.69566e+02,,14.8883,11.3055,0.0497
3.130332,55,Swift J174510.8-262411,17:45:11,-26:24:13,2.1108255,1.40326586,i'â¼17.6,râ>23.1Â±0.5,<7,2.9E-8,â¤21,266.29542085434,-26.40439825871,0.0033757,0.0026609,88.14,4067049844217120896,266.29542497178,0.1864,-26.40441283534,0.1638,0.3464,0.2946,1.1758,3.383,0.830,0.210,-3.280,0.158,370,0.2343,398.18,0.284,5.694e-01,95,1.3285,0.0362,16,1.008,0,7.65291e+02,1.35954e+00,18.477800,2.09573e+02,5.44074e+00,19.535202,1.04825e+03,17.196733,1.644,2.338469,,,0,,,76312662954065048,,,,0.003363,0.028325,0.022719,18.462999,0.003348,7.75795e+02,0.261,3.3750,2.6617,0.0156
3.216531,55,Swift J174510.8-262411,17:45:11,-26:24:13,2.1108255,1.40326586,i'â¼17.6,râ>23.1Â±0.5,<7,2.9E-8,â¤21,266.29631240946,-26.40282741521,0.0016144,0.0006182,53.03,4067049844332953088,266.29631240946,1.3423,-26.40282741521,1.0893,,,,,,,,,175,14.1143,584.13,4.575,1.924e+01,3,,,12,,1,2.84959e+02,2.67064e+00,19.550410,7.36739e+01,3.57658e+01,20.670258,6.49208e+02,17.716936,2.537,2.953322,,,0,,,76312662963356928,,,,0.010542,0.527089,0.070110,19.550410,0.010542,2.84959e+02,1.063,1.3423,1.0893,0.7308
3.954777,55,Swift J174510.8-262411,17:45:11,-26:24:13,2.1108255,1.40326586,i'â¼17.6,râ>23.1Â±0.5,<7,2.9E-8,â¤21,266.29547186809,-26.40256135424,0.0156541,0.0102212,110.58,4067049844217166336,266.29548151341,0.9337,-26.40258706127,0.8076,-3.7988,1.6003,-2.3737,6.102,1.944,0.962,-5.784,0.644,305,4.3049,475.90,2.450,6.115e+00,95,1.1412,0.1236,12,1.180,0,2.24441e+02,1.13726e+00,19.809608,,,,,,,,,,0,,,76312662954617225,,,,0.006153,,,19.809608,0.006153,2.24441e+02,,15.0889,11.0384,-0.2778
4.421359,55,Swift J174510.8-262411,17:45:11,-26:24:13,2.1108255,1.40326586,i'â¼17.6,râ>23.1Â±0.5,<7,2.9E-8,â¤21,266.29719622210,-26.40347615477,0.0173179,0.0030151,56.42,4067049844217091584,266.29719622210,14.5241,-26.40347615477,9.9020,,,,,,,,,61,4.0761,110.11,7.011,3.775e+00,3,,,5,,0,6.60066e+01,1.48940e+00,21.138397,,,,,,,,,,0,,,,,,,0.024653,,,21.138397,0.024653,6.60066e+01,,14.5241,9.9020,0.9318
1.535229,53,MAXI J1305-704,13:06:55,-70:27:05,304.2379729,-7.61898877,iâ=16.61Â±0.05,iâ=20.21Â±0.08,7.5+1.8-1.4,1.03E-9,9.5Â±0.1,196.73043852723,-70.45141627167,0.0120314,0.0095334,27.09,5843823766718594560,196.73033374445,0.5191,-70.45141696825,0.4582,-0.4624,0.5742,-0.8053,7.890,-7.889,0.619,-0.157,0.718,290,0.1051,307.29,1.125,5.853e-01,95,1.3270,0.1346,23,1.003,0,1.41566e+02,1.02809e+00,20.309969,5.42930e+01,5.55367e+00,21.001682,1.42579e+02,19.362759,1.391,1.638924,,,0,,,,,,,0.008352,0.111096,0.065001,20.306957,0.008332,1.41959e+02,0.103,10.1023,11.5579,0.1870
2.148103,53,MAXI J1305-704,13:06:55,-70:27:05,304.2379729,-7.61898877,iâ=16.61Â±0.05,iâ=20.21Â±0.08,7.5+1.8-1.4,1.03E-9,9.5Â±0.1,196.73038890916,-70.45095439484,0.0349460,0.0262111,68.27,5843823766719896576,196.73023458993,1.2005,-70.45096044117,1.1420,0.9216,1.4789,0.6232,11.698,-11.618,2.125,-1.360,1.708,121,1.7498,146.55,0.000,0.000e+00,95,1.7812,0.3796,12,1.115,0,8.31726e+01,1.15628e+00,20.887417,,,,,,,,,,0,,,,,,,0.015344,,,20.887417,0.015344,8.31726e+01,,33.8822,27.5725,0.1967
0.839789,52,MAXI J1836-194,18:35:43,-19:19:10,13.9456207,-5.35432173,V=16.33Â±0.08,V>19.5,7Â±3,1.01E-9,<4.9,278.92892195866,-19.31947744956,0.0165975,0.0112483,55.49,4092464402704344320,278.92891349786,0.7400,-19.31950346990,0.6303,-0.4576,0.7924,-0.5775,6.124,-1.796,0.934,-5.855,0.812,140,-0.5979,131.67,0.000,1.736e-15,95,1.5424,0.1989,11,0.961,0,1.35011e+02,1.21379e+00,20.361444,5.21875e+01,7.31457e+00,21.044626,1.02401e+02,19.722137,1.145,1.322489,,,0,,,84812789288966926,,,,0.010143,0.152202,0.142764,20.362412,0.010151,1.34891e+02,-0.105,15.0890,13.2032,0.3490
4.610734,52,MAXI J1836-194,18:35:43,-19:19:10,13.9456207,-5.35432173,V=16.33Â±0.08,V>19.5,7Â±3,1.01E-9,<4.9,278.92927851435,-19.32072084728,0.0092036,0.0066780,61.83,4092464299624509184,278.92926177396,0.4604,-19.32073624529,0.4202,0.5422,0.4795,1.1309,4.964,-3.554,0.536,-3.465,0.447,176,0.5436,187.60,0.256,4.493e-02,95,1.4250,0.1211,14,1.028,0,2.12166e+02,1.22502e+00,19.870674,9.41882e+01,1.04837e+01,20.403551,2.08493e+02,18.950165,1.427,1.453386,,,0,,,84812789294195501,,,,0.006848,0.120881,0.054607,19.870158,0.006845,2.12267e+02,0.162,8.7044,7.3168,0.2621
4.904394,52,MAXI J1836-194,18:35:43,-19:19:10,13.9456207,-5.35432173,V=16.33Â±0.08,V>19.5,7Â±3,1.01E-9,<4.9,278.92979199339,-19.32067233529,0.0077618,0.0053590,60.43,4092464402695366656,278.92979071030,0.4049,-19.32069252366,0.3720,0.5475,0.4103,1.3342,4.551,-0.272,0.447,-4.542,0.368,182,0.9615,202.55,0.000,0.000e+00,95,1.4239,0.0997,14,1.050,0,2.65079e+02,1.30073e+00,19.628927,1.04603e+02,6.89619e+00,20.289679,2.41583e+02,18.790228,1.306,1.499451,,,0,,,84812789297675495,,,,0.005998,0.071634,0.036561,19.627831,0.005993,2.65347e+02,0.036,7.2504,6.0329,0.3093
4.966567,52,MAXI J1836-194,18:35:43,-19:19:10,13.9456207,-5.35432173,V=16.33Â±0.08,V>19.5,7Â±3,1.01E-9,<4.9,278.92797895361,-19.32024883531,0.0093208,0.0054913,54.52,4092464299616188416,278.92796004493,0.4608,-19.32026161477,0.4351,-0.0239,0.4265,-0.0561,4.938,-4.015,0.504,-2.875,0.424,164,0.3218,172.08,0.834,6.664e-01,95,1.3599,0.1014,14,1.016,0,2.73240e+02,1.21218e+00,19.596006,1.04792e+02,4.96902e+00,20.287718,2.09506e+02,18.944902,1.150,1.342815,,,0,,,84812789279645988,,,,0.005549,0.051559,0.051562,19.596760,0.005552,2.73050e+02,-0.102,8.2319,7.0191,0.4640
2.255157,51,MAXI J1543-564,15:43:17,-56:24:50,325.0848697,-1.12117655,zââ¼20.7,KsB2=21.8Â±0.2,>8.5,1.43E-9,,235.82160090689,-56.41434945722,0.0239459,0.0173884,68.67,5884240474106833536,235.82155315941,0.7399,-56.41438219221,0.6374,0.3925,1.3184,0.2977,9.464,-5.943,1.433,-7.365,1.149,270,4.3003,397.01,3.571,4.235e+00,95,0.9193,0.2128,16,1.192,0,1.04118e+02,7.79033e-01,20.643549,2.46291e+01,5.45569e+00,21.859922,1.02032e+02,19.726055,1.217,2.133867,,,0,,,,,,,0.008578,0.240522,0.119622,20.632394,0.008500,1.05194e+02,-0.137,23.1851,18.3906,0.2154
3.088801,51,MAXI J1543-564,15:43:17,-56:24:50,325.0848697,-1.12117655,zââ¼20.7,KsB2=21.8Â±0.2,>8.5,1.43E-9,,235.82231989183,-56.41364413875,0.0088559,0.0082773,104.34,5884240474106548736,235.82228428234,0.3208,-56.41366341588,0.3276,-0.6384,0.6099,-1.0467,6.201,-4.432,0.550,-4.337,0.522,351,0.2954,397.14,0.000,0.000e+00,95,1.1190,0.0914,17,1.010,0,1.87934e+02,8.56404e-01,20.002352,3.46120e+01,4.11142e+00,21.490477,2.47624e+02,18.763412,1.502,2.727064,,,0,,,,,,,0.005663,0.129001,0.029126,19.980861,0.005579,1.91691e+02,0.061,8.8215,8.3140,-0.0324
4.065530,51,MAXI J1543-564,15:43:17,-56:24:50,325.0848697,-1.12117655,zââ¼20.7,KsB2=21.8Â±0.2,>8.5,1.43E-9,,235.81913236525,-56.41451335886,0.0037246,0.0033760,89.19,5884240469817629184,235.81908113313,0.1274,-56.41453387649,0.1282,-0.0084,0.2455,-0.0340,7.872,-6.377,0.230,-4.616,0.210,598,-1.7022,732.18,0.644,2.449e+00,95,1.0685,0.0367,19,0.950,0,5.53878e+02,1.06845e+00,18.828833,4.84275e+01,5.46743e+00,21.125813,9.28817e+02,17.328070,1.764,3.797743,,,0,,,,,353603780,,0.003461,0.122611,0.008484,18.803242,0.003432,5.67087e+02,0.170,3.7245,3.3760,0.0028
4.488497,51,MAXI J1543-564,15:43:17,-56:24:50,325.0848697,-1.12117655,zââ¼20.7,KsB2=21.8Â±0.2,>8.5,1.43E-9,,235.82298247104,-56.41426452038,0.0200153,0.0138710,146.40,5884240474107132416,235.82298108928,0.5864,-56.41428374764,0.6285,1.5173,1.1014,1.3776,4.330,-0.172,1.010,-4.326,1.163,274,0.3374,290.06,0.638,1.370e-01,95,1.5949,0.1563,16,1.013,0,1.20050e+02,8.37827e-01,20.488960,,,,,,,,,,0,,,,,,,0.008063,,,20.488960,0.008063,1.20050e+02,,16.0052,18.3535,-0.3267
4.725322,51,MAXI J1543-564,15:43:17,-56:24:50,325.0848697,-1.12117655,zââ¼20.7,KsB2=21.8Â±0.2,>8.5,1.43E-9,,235.82122519749,-56.41259432410,0.0078444,0.0077107,76.34,5884240474106549120,235.82119338900,0.2874,-56.41260897607,0.2802,0.3033,0.5140,0.5899,5.152,-3.959,0.489,-3.297,0.483,339,1.7048,402.78,1.076,1.222e+00,95,1.2923,0.0822,18,1.066,0,2.34095e+02,8.65924e-01,19.763887,3.87781e+01,4.20926e+00,21.367077,2.99965e+02,18.555220,1.447,2.811857,,,0,,,,,,,0.004870,0.117887,0.026761,19.741049,0.004802,2.39071e+02,-0.006,7.8370,7.7182,0.0079
2.437728,50,Swift J1357.2-0933,13:57:17,-9:32:39,328.7018426,50.00430936,r'=16.3Â±0.05,râ=21.71Â±0.08,â¥6 / >2.29,2.23E-10,2.8Â±0.3,209.32014907917,-9.54411013542,0.0013202,0.0012244,16.44,3615597791550052736,209.32014907917,1.2323,-9.54411013542,1.3128,,,,,,,,,95,1.3389,108.43,0.000,0.000e+00,3,,,8,,0,1.01284e+02,1.84937e+00,20.673517,6.04189e+01,1.24805e+01,20.885610,8.32402e+01,19.947062,1.418,0.938549,,,0,,,96542093201847501,1237671956450378475,109708045,,0.020015,0.224293,0.185304,20.673517,0.020015,1.01284e+02,0.207,1.2323,1.3128,0.0409
1.634440,48,"XTE J1752-223 
V5678 Sgr",17:52:15,-22:20:32,6.4231338,2.11431706,J=15.75Â±0.01,iâ>24.4,6Â±2,5.18E-10,<7,268.06232613444,-22.34264679857,0.0019844,0.0012008,68.59,4070425035675924352,268.06231765646,0.1004,-22.34266547297,0.0814,-0.1067,0.1157,-0.9218,4.557,-1.764,0.118,-4.202,0.080,283,-1.0527,397.73,0.326,2.434e+00,95,1.1782,0.0219,17,0.954,0,2.34763e+03,5.41038e+00,17.260794,5.47750e+02,2.39347e+01,18.492085,3.68037e+03,15.833166,1.801,2.658918,,,0,,,81182680623379122,,183157833,,0.003722,0.047525,0.018350,17.240423,0.003691,2.39209e+03,0.371,1.8987,1.3321,0.3354
1.722010,48,"XTE J1752-223 
V5678 Sgr",17:52:15,-22:20:32,6.4231338,2.11431706,J=15.75Â±0.01,iâ>24.4,6Â±2,5.18E-10,<7,268.06297966806,-22.34204341585,0.0266929,0.0116190,57.60,4070425031419419520,268.06296664211,1.2823,-22.34206341057,1.0833,-0.2336,1.0583,-0.2208,5.252,-2.711,1.432,-4.499,1.033,164,2.3741,214.66,2.586,2.121e+00,95,1.3962,0.2393,12,1.134,0,1.50939e+02,2.60531e+00,20.240360,,,,,,,,,,0,,,,,,,0.018942,,,20.240360,0.018942,1.50939e+02,,23.3824,17.3429,0.6443
1.750135,48,"XTE J1752-223 
V5678 Sgr",17:52:15,-22:20:32,6.4231338,2.11431706,J=15.75Â±0.01,iâ>24.4,6Â±2,5.18E-10,<7,268.06224526863,-22.34179698242,0.0018523,0.0011340,68.44,4070425031419355904,268.06221714123,0.0951,-22.34182008354,0.0742,0.1444,0.1091,1.3232,7.828,-5.854,0.110,-5.198,0.075,281,-1.2311,259.44,0.000,1.210e-15,31,,,17,0.947,0,2.26841e+03,2.18027e+00,17.298063,4.26282e+02,8.68627e+00,18.764301,2.69619e+03,16.171019,1.377,2.593283,,,0,,,81192680622410145,,,,0.002946,0.022299,0.011309,17.298063,0.002946,2.26841e+03,-0.044,1.7724,1.2552,0.3295
3.131676,48,"XTE J1752-223 
V5678 Sgr",17:52:15,-22:20:32,6.4231338,2.11431706,J=15.75Â±0.01,iâ>24.4,6Â±2,5.18E-10,<7,268.06175126522,-22.34274867386,0.0119229,0.0059658,59.00,4070423553950626560,268.06175110223,0.5674,-22.34277119603,0.4956,-0.8157,0.5517,-1.4785,5.068,-0.034,0.655,-5.067,0.477,219,5.0651,371.98,2.209,6.542e+00,95,1.2232,0.1143,14,1.253,0,3.35140e+02,1.88629e+00,19.374302,,,,,,,,,,0,,,81182680617688992,,,,0.006703,,,19.374302,0.006703,3.35140e+02,,10.6715,7.9916,0.5517
3.155186,48,"XTE J1752-223 
V5678 Sgr",17:52:15,-22:20:32,6.4231338,2.11431706,J=15.75Â±0.01,iâ>24.4,6Â±2,5.18E-10,<7,268.06264118003,-22.34308888064,0.0025211,0.0015582,69.04,4070423558207167744,268.06262112389,0.1320,-22.34312925114,0.1058,0.2213,0.1521,1.4548,9.996,-4.174,0.150,-9.083,0.103,285,1.3002,381.23,0.433,2.606e+00,95,1.2364,0.0282,17,1.054,0,1.56764e+03,2.88354e+00,17.699253,,,,,,,,,,0,,,81182680625818633,,,,0.003403,,,17.699253,0.003403,1.56764e+03,,2.4194,1.7119,0.3168
4.220216,48,"XTE J1752-223 
V5678 Sgr",17:52:15,-22:20:32,6.4231338,2.11431706,J=15.75Â±0.01,iâ>24.4,6Â±2,5.18E-10,<7,268.06224782682,-22.34337106684,0.0031870,0.0013361,56.98,4070423558314611200,268.06224782682,2.7698,-22.34337106684,2.0665,,,,,,,,,132,24.2270,1033.90,9.107,5.136e+01,3,,,10,,0,2.46933e+02,4.43851e+00,19.705917,,,,,,,,,,0,,,,,,,0.019709,,,19.705917,0.019709,2.46933e+02,,2.7698,2.0665,0.6682
4.366807,48,"XTE J1752-223 
V5678 Sgr",17:52:15,-22:20:32,6.4231338,2.11431706,J=15.75Â±0.01,iâ>24.4,6Â±2,5.18E-10,<7,268.06349603137,-22.34143314028,0.0041672,0.0009364,49.00,4070425035816249088,268.06349603137,3.2045,-22.34143314028,2.8237,,,,,,,,,141,8.2580,321.53,4.772,9.721e+00,3,,,10,,0,1.73890e+02,3.93127e+00,20.086681,1.32867e+02,1.78235e+01,20.030003,3.78200e+02,18.303590,2.939,1.726412,,,0,,,81192680634420609,,,,0.024700,0.145674,0.109355,20.086681,0.024700,1.73890e+02,1.641,3.2045,2.8237,0.9022
4.401689,48,"XTE J1752-223 
V5678 Sgr",17:52:15,-22:20:32,6.4231338,2.11431706,J=15.75Â±0.01,iâ>24.4,6Â±2,5.18E-10,<7,268.06375615465,-22.34184134976,0.0019653,0.0011226,48.67,4070425035783364480,268.06375615465,1.6515,-22.34184134976,1.5477,,,,,,,,,66,0.4235,65.10,0.548,7.331e-02,3,,,7,,0,1.55810e+02,4.63789e+00,20.205875,5.57440e+01,1.48701e+01,20.973047,4.60158e+02,18.090628,3.311,2.882420,,,0,,,,,,,0.032435,0.289642,0.090197,20.205875,0.032435,1.55810e+02,1.848,1.6515,1.5477,0.5049
4.574700,48,"XTE J1752-223 
V5678 Sgr",17:52:15,-22:20:32,6.4231338,2.11431706,J=15.75Â±0.01,iâ>24.4,6Â±2,5.18E-10,<7,268.06150392291,-22.34134700556,0.0034250,0.0021021,72.16,4070425035783374720,268.06148444743,0.1969,-22.34138632201,0.1554,-0.0665,0.2231,-0.2980,9.730,-4.053,0.208,-8.846,0.135,255,4.1527,404.52,0.688,4.380e+00,95,1.2625,0.0388,15,1.190,0,1.15677e+03,2.42613e+00,18.029251,2.69162e+02,1.26566e+01,19.263508,1.75892e+03,16.634780,1.753,2.628727,,,0,,,81192680615110680,,,,0.003575,0.051130,0.021944,18.009386,0.003548,1.17813e+03,0.328,3.3233,2.2595,0.2840
4.812539,48,"XTE J1752-223 
V5678 Sgr",17:52:15,-22:20:32,6.4231338,2.11431706,J=15.75Â±0.01,iâ>24.4,6Â±2,5.18E-10,<7,268.06316451664,-22.34340936573,0.0038385,0.0022350,66.28,4070425035783358848,268.06316417778,0.1964,-22.34342418792,0.1558,0.0518,0.2287,0.2265,3.336,-0.071,0.226,-3.335,0.154,271,1.2132,312.40,0.231,3.372e-01,95,1.3633,0.0415,17,1.052,0,8.36277e+02,1.94182e+00,18.381493,,,,,,,,,,0,,,81182680631768204,,,,0.003735,,,18.381493,0.003735,8.36277e+02,,3.6275,2.5634,0.3857
1.654649,46,Swift J1539.2-6227,15:39:12,-62:28:02,321.0186501,-5.64277055,uvw2=18.07Â±0.03,iâ>19.8,,6.47E-9,,234.80095726253,-62.46709793457,0.0034059,0.0032486,163.39,5827204476677407488,234.80091268728,0.1338,-62.46710940703,0.1459,0.4868,0.1864,2.6113,5.306,-4.636,0.202,-2.581,0.214,349,1.2386,391.62,0.378,7.687e-01,95,1.4281,0.0402,21,1.047,0,6.31440e+02,1.16843e+00,18.686537,2.63150e+02,5.58310e+00,19.288034,5.80188e+02,17.838974,1.336,1.449060,,,0,,,,,,,0.003410,0.023204,0.022745,18.686074,0.003410,6.31709e+02,0.071,3.2618,3.3934,-0.0259
3.185121,46,Swift J1539.2-6227,15:39:12,-62:28:02,321.0186501,-5.64277055,uvw2=18.07Â±0.03,iâ>19.8,,6.47E-9,,234.79857670295,-62.46781377351,0.0043618,0.0040694,175.78,5827204472379312896,234.79853166463,0.1610,-62.46782687991,0.1709,0.1195,0.2234,0.5347,5.535,-4.684,0.253,-2.949,0.275,391,0.0679,402.27,0.000,0.000e+00,95,1.4372,0.0487,23,1.002,0,4.22397e+02,9.61677e-01,19.123064,1.23311e+02,4.92769e+00,20.111040,4.79038e+02,18.046970,1.426,2.064070,,,0,,,,,,,0.003702,0.043477,0.014577,19.113138,0.003687,4.26277e+02,0.082,4.0710,4.3602,-0.0102
3.972531,46,Swift J1539.2-6227,15:39:12,-62:28:02,321.0186501,-5.64277055,uvw2=18.07Â±0.03,iâ>19.8,,6.47E-9,,234.79878421790,-62.46817187118,0.0037661,0.0028247,82.98,5827204476677406976,234.79878421790,3.7538,-62.46817187118,2.8411,,,,,,,,,50,2.3896,70.78,7.119,2.637e+00,3,,,6,,0,7.55644e+01,1.58120e+00,20.991575,,,,,,,,,,0,,,,,,,0.022886,,,20.991575,0.022886,7.55644e+01,,3.7538,2.8411,0.0706
1.882877,45,Swift J1842.5-1124,18:42:17,-11:25:04,21.7270436,-3.17903051,Ks=16.75Â±0.05,Ksâ¼19.25,,9.85E-9,,280.57042602124,-11.41811563857,0.0180448,0.0086442,54.91,4106813647947660288,280.57041054544,0.8098,-11.41813925583,0.7735,1.7796,0.7580,2.3476,6.316,-3.413,0.945,-5.314,0.753,119,-0.3050,112.66,0.602,3.944e-01,95,1.5481,0.2019,10,0.977,0,1.96216e+02,1.29951e+00,19.955532,5.25078e+01,1.60132e+01,21.037983,1.93360e+02,19.031980,1.253,2.006002,,,0,,,94292805704518600,,,,0.007701,0.331126,0.139808,19.946616,0.007646,1.97834e+02,-0.083,15.5790,12.5550,0.6034
3.219959,45,Swift J1842.5-1124,18:42:17,-11:25:04,21.7270436,-3.17903051,Ks=16.75Â±0.05,Ksâ¼19.25,,9.85E-9,,280.57014318572,-11.41719265250,0.0100486,0.0071904,78.06,4106813647908004352,280.57014772832,0.4860,-11.41719878641,0.4725,0.6698,0.5988,1.1185,1.705,1.002,0.620,-1.380,0.453,138,0.0961,138.58,0.000,0.000e+00,95,1.5685,0.1555,12,1.003,0,2.21135e+02,1.17806e+00,19.825724,4.93681e+01,8.07648e+00,21.104927,1.92646e+02,19.035995,1.094,2.068932,,,0,,,94292805701409787,,,,0.006407,0.177645,0.056725,19.815713,0.006359,2.23183e+02,-0.250,9.9431,7.3357,0.1368
4.465139,45,Swift J1842.5-1124,18:42:17,-11:25:04,21.7270436,-3.17903051,Ks=16.75Â±0.05,Ksâ¼19.25,,9.85E-9,,280.57044495953,-11.41659732829,0.0051882,0.0013809,40.86,4106813647917841024,280.57044495953,3.5515,-11.41659732829,4.0264,,,,,,,,,60,2.1200,79.51,2.679,8.810e-01,3,,,5,,0,8.69767e+01,1.54461e+00,20.838860,3.73706e+01,6.87111e+00,21.407217,6.61058e+01,20.197296,1.190,1.209921,,,0,,,94302805704630492,,,,0.019477,0.199648,0.138200,20.838860,0.019477,8.69767e+01,-0.048,3.5515,4.0264,0.8654
2.638565,44,Swift J174540.2-290005,17:45:40,-29:00:06,359.9494702,-0.04315833,Ks>19.55,,,4.98E-12,,266.41600812919,-29.00121338844,0.0033636,0.0008184,52.61,4057481825310783104,266.41600812919,2.7183,-29.00121338844,2.1435,,,,,,,,,193,3.9164,273.77,3.224,3.347e+00,3,,,11,,0,9.97565e+01,8.81668e-01,20.690014,3.49167e+01,5.56796e+00,21.480960,1.31209e+02,19.452986,1.665,2.027975,,,0,,,73192664160228913,,,,0.009984,0.173158,0.087814,20.690014,0.009984,9.97565e+01,0.327,2.7183,2.1435,0.8813
3.691962,43,IGR J17497-2821,17:49:38,-28:21:18,0.9531046,-0.45275798,Ks=17.8Â±0.2,,,1.09E-9,,267.40720267389,-28.35475159453,0.0008558,0.0005288,74.17,4057612392326868352,267.40720262448,0.0443,-28.35475409591,0.0342,0.4410,0.0507,8.6941,0.563,-0.010,0.052,-0.563,0.033,394,0.6502,422.97,0.000,0.000e+00,31,,,19,1.023,0,6.18729e+03,3.26226e+00,16.208616,2.20179e+03,9.21497e+00,16.981604,5.85092e+03,15.329835,1.301,1.651769,,,0,,,73972674072074586,,165362454,,0.002814,0.005332,0.004233,16.208616,0.002814,6.18729e+03,0.013,0.8359,0.5598,0.2540
0.821210,42,XTE J1817-330,18:17:44,-33:01:08,359.8172195,-7.99544288,g'=14.93Â±0.05,V>22.0,5.5Â±4.5,4.94E-8,,274.43315796834,-33.01906328695,0.0075123,0.0054997,68.24,4045481137009856000,274.43314778823,0.3894,-33.01908112040,0.3583,0.2673,0.3880,0.6889,4.448,-1.921,0.444,-4.013,0.349,233,-1.5335,203.42,0.000,0.000e+00,95,1.5986,0.0957,15,0.927,0,2.62362e+02,1.14704e+00,19.640114,1.60706e+02,1.47493e+01,19.823462,1.47181e+02,19.328264,1.174,0.495197,,,0,,,,,,,0.005489,0.099686,0.089028,19.642607,0.005498,2.61760e+02,-0.005,7.2688,5.8177,0.2132
3.202447,42,XTE J1817-330,18:17:44,-33:01:08,359.8172195,-7.99544288,g'=14.93Â±0.05,V>22.0,5.5Â±4.5,4.94E-8,,274.43279167154,-33.01965377843,0.0085287,0.0051264,57.47,4045481137009852928,274.43279089453,0.3516,-33.01967915330,0.3291,0.0318,0.3412,0.0931,5.711,-0.147,0.472,-5.709,0.381,229,0.5740,248.09,0.000,0.000e+00,31,,,16,1.026,0,2.70245e+02,1.03351e+00,19.607973,1.21404e+02,6.89207e+00,20.127960,1.78160e+02,19.120872,1.108,1.007088,,,0,,,,,,,0.004983,0.061700,0.036642,19.607973,0.004983,2.70245e+02,-0.109,7.7008,6.3021,0.4340
3.840882,42,XTE J1817-330,18:17:44,-33:01:08,359.8172195,-7.99544288,g'=14.93Â±0.05,V>22.0,5.5Â±4.5,4.94E-8,,274.43210167562,-33.01862101241,0.0045487,0.0024087,53.30,4045481137009875712,274.43207810516,0.1810,-33.01865831194,0.1618,0.2255,0.1957,1.1525,9.498,-4.447,0.243,-8.392,0.204,250,0.0150,255.36,0.000,0.000e+00,31,,,16,0.999,0,5.75377e+02,1.18647e+00,18.787487,2.84543e+02,7.82461e+00,19.203173,3.76763e+02,18.307724,1.149,0.895449,,,0,,,,,,,0.003550,0.029987,0.027809,18.787487,0.003550,5.75377e+02,-0.058,3.9209,3.3345,0.5456
3.840990,42,XTE J1817-330,18:17:44,-33:01:08,359.8172195,-7.99544288,g'=14.93Â±0.05,V>22.0,5.5Â±4.5,4.94E-8,,274.43452565325,-33.01851624795,0.0066786,0.0048972,70.40,4045481137009845888,274.43451495686,0.3315,-33.01851409958,0.3034,0.5933,0.3367,1.7619,2.075,-2.018,0.398,0.483,0.309,238,-0.6682,226.26,0.000,0.000e+00,95,1.6156,0.0834,16,0.968,0,2.87759e+02,1.07686e+00,19.539793,1.41941e+02,1.51504e+01,19.958275,2.46336e+02,18.769073,1.349,1.189201,,,0,,,,,,,0.004909,0.115923,0.121342,19.541992,0.004916,2.87177e+02,0.114,6.5025,5.1287,0.1954
4.202468,42,XTE J1817-330,18:17:44,-33:01:08,359.8172195,-7.99544288,g'=14.93Â±0.05,V>22.0,5.5Â±4.5,4.94E-8,,274.43291319582,-33.01777596138,0.0191596,0.0102297,52.48,4045481137009884032,274.43289549989,0.7900,-33.01779026653,0.7515,0.8620,0.6229,1.3839,4.637,-3.339,1.005,-3.219,0.859,156,0.3097,164.63,1.136,6.299e-01,95,1.4307,0.1742,11,1.016,0,1.51319e+02,1.03172e+00,20.237633,,,,,,,,,,0,,,,,,,0.007899,,,20.237633,0.007899,1.51319e+02,,16.4236,14.2127,0.5431
4.270771,42,XTE J1817-330,18:17:44,-33:01:08,359.8172195,-7.99544288,g'=14.93Â±0.05,V>22.0,5.5Â±4.5,4.94E-8,,274.43457724402,-33.01945414051,0.0047598,0.0035301,71.29,4045481137009834880,274.43457268626,0.2337,-33.01948159101,0.2170,-0.3052,0.2471,-1.2348,6.236,-0.860,0.285,-6.176,0.221,252,0.0819,259.55,0.385,4.167e-01,31,,,16,1.002,0,4.35766e+02,1.10251e+00,19.089235,1.76138e+02,8.15046e+00,19.723911,3.22898e+02,18.475231,1.145,1.248680,,,0,,,,,,,0.003891,0.050318,0.031182,19.089235,0.003891,4.35766e+02,-0.096,4.6483,3.6756,0.1812
1.984522,40,XTE J1818-245,18:18:24,-24:32:18,7.4426994,-4.19145967,V=17.42Â±0.01,R>18.4,3.55Â±0.75,1.69E-8,,274.59952531087,-24.53867599634,0.0009452,0.0007123,83.57,4065299971536722432,274.59952486664,0.0500,-24.53870094228,0.0436,0.1534,0.0534,2.8754,5.614,-0.091,0.058,-5.613,0.043,210,1.5590,247.41,0.000,1.404e-15,31,,,15,1.076,0,6.11234e+03,5.66002e+00,16.221848,1.57313e+03,1.50477e+01,17.346630,7.00763e+03,15.133967,1.404,2.212663,,,0,,,78552745995783598,,238530773,,0.002933,0.010754,0.005982,16.221848,0.002933,6.11234e+03,0.039,0.9426,0.7157,0.0637
3.280083,40,XTE J1818-245,18:18:24,-24:32:18,7.4426994,-4.19145967,V=17.42Â±0.01,R>18.4,3.55Â±0.75,1.69E-8,,274.59901450583,-24.53849604748,0.0481219,0.0098712,48.95,4065299967162459648,274.59901450583,36.8626,-24.53849604748,32.4700,,,,,,,,,84,52.0941,4199.80,60.229,5.446e+02,3,,,9,,0,2.16067e+02,1.70732e+00,19.850897,,,,,,,,,,0,,,78552745988794201,,,,0.009011,,,19.850897,0.009011,2.16067e+02,,36.8626,32.4700,0.9179
3.656507,40,XTE J1818-245,18:18:24,-24:32:18,7.4426994,-4.19145967,V=17.42Â±0.01,R>18.4,3.55Â±0.75,1.69E-8,,274.59983928417,-24.53933845261,0.0142413,0.0107685,82.31,4065299967282321536,274.59983484437,0.7647,-24.53936462269,0.7085,1.2898,0.8977,1.4368,5.958,-0.909,0.880,-5.888,0.660,176,13.2667,600.14,4.466,1.950e+01,95,1.2392,0.1876,13,1.797,0,2.50999e+02,2.19385e+00,19.688189,,,,,,,,,,0,,,78552745998203062,,,,0.009882,,,19.688189,0.009882,2.50999e+02,,14.1866,10.8405,0.0749
4.407992,40,XTE J1818-245,18:18:24,-24:32:18,7.4426994,-4.19145967,V=17.42Â±0.01,R>18.4,3.55Â±0.75,1.69E-8,,274.60050905282,-24.53946683245,0.0035127,0.0025609,77.13,4065299971488532992,274.60049916676,0.1935,-24.53947640270,0.1725,0.2282,0.2142,1.0654,2.955,-2.023,0.215,-2.153,0.158,211,6.3777,374.41,0.938,6.703e+00,95,1.5504,0.0482,14,1.329,0,9.94394e+02,3.57773e+00,18.193470,6.51725e+02,8.56728e+01,18.303381,1.38942e+03,16.890808,2.053,1.412573,,,0,,,78552746005002965,,,,0.004780,0.142753,0.037266,18.193444,0.004780,9.94418e+02,0.793,3.4717,2.6163,0.1382
4.354319,39,Swift J1753.5-0127,17:53:28,-1:27:06,24.8976155,12.18607327,Râ¼15.85,V>21.0,â¼6Â±2,5.64E-9,3.244Â±0.001,268.36787448601,-1.45173793202,0.0014919,0.0013185,50.87,4178766135477201408,268.36787888657,0.0622,-1.45175364344,0.0568,0.1385,0.0874,1.5836,3.671,0.990,0.089,-3.535,0.085,236,-0.0370,239.04,0.000,0.000e+00,31,,,16,0.997,0,3.88130e+03,2.45482e+01,16.714924,1.99874e+03,1.45016e+02,17.086653,2.46303e+03,16.269218,1.150,0.817434,,,0,,,106252683678758385,,202694185,443211369,0.007399,0.078823,0.021824,16.714924,0.007399,3.88130e+03,-0.052,1.4254,1.3902,0.1204
1.058766,38,IGR J17098-3628,17:09:46,-36:27:57,349.5539129,2.07451626,Vâ¼20.8,,â¼10.5,1.08E-9,,257.44201959819,-36.46575629236,0.0024808,0.0004552,66.91,5976897040539464320,257.44201959819,2.2890,-36.46575629236,1.0593,,,,,,,,,284,2.9493,353.85,2.455,3.966e+00,3,,,9,,0,1.34704e+02,8.38710e-01,20.363914,,,,,,,,,,0,,,,,,,0.007300,,,20.363914,0.007300,1.34704e+02,,2.2890,1.0593,0.8849
1.598201,38,IGR J17098-3628,17:09:46,-36:27:57,349.5539129,2.07451626,Vâ¼20.8,,â¼10.5,1.08E-9,,257.44220771083,-36.46592144172,0.0040424,0.0029387,95.06,5976897036239826432,257.44218731789,0.2004,-36.46592880811,0.1048,0.1140,0.2303,0.4953,4.045,-3.690,0.251,-1.657,0.181,537,8.5317,1030.04,1.108,1.011e+01,95,1.2055,0.0376,19,1.272,0,8.01722e+02,1.66879e+00,18.427307,1.35556e+02,5.10607e+00,20.008250,1.27194e+03,16.986727,1.756,3.021523,,,0,,,,,135942473,,0.003564,0.040992,0.008020,18.401716,0.003530,8.20843e+02,0.271,4.0350,2.9489,-0.0569
2.835929,38,IGR J17098-3628,17:09:46,-36:27:57,349.5539129,2.07451626,Vâ¼20.8,,â¼10.5,1.08E-9,,257.44182944774,-36.46661013786,0.0223242,0.0138393,84.93,5976897040539462144,257.44181150326,1.0622,-36.46662815398,0.4876,0.5695,0.9866,0.5772,5.194,-3.247,1.401,-4.054,0.852,389,5.1132,579.03,3.470,5.377e+00,95,1.4503,0.1819,15,1.189,0,1.24795e+02,8.79796e-01,20.446875,4.23711e+01,7.31231e+00,21.270868,1.03235e+02,19.713327,1.167,1.557541,,,0,,,,,,,0.008135,0.187395,0.017748,20.445009,0.008123,1.25010e+02,-0.110,22.2703,13.9257,0.0872
4.122818,38,IGR J17098-3628,17:09:46,-36:27:57,349.5539129,2.07451626,Vâ¼20.8,,â¼10.5,1.08E-9,,257.44281727890,-36.46650809785,0.0138618,0.0103342,82.11,5976897040539457536,257.44279865474,0.7125,-36.46653530569,0.3666,-0.6228,0.6999,-0.8898,6.988,-3.370,0.853,-6.122,0.637,460,3.3476,617.34,1.756,1.844e+00,95,1.2522,0.1303,18,1.112,0,1.44895e+02,6.92619e-01,20.284730,3.15805e+01,6.64153e+00,21.589993,2.15914e+02,18.912193,1.708,2.677799,,,0,,,,,,,0.005876,0.228352,0.047530,20.264046,0.005790,1.47682e+02,0.275,13.8037,10.4118,0.0808
1.144866,37,"IGR J17091-3624 
SAX J1709.1-3624",17:09:08,-36:24:26,349.5247361,2.21273739,I=18.66Â±0.03,,,5.96E-9,,257.28332687445,-36.40690424631,0.0082019,0.0046464,113.13,5976921951360352768,257.28332581722,0.3018,-36.40691232472,0.1589,-0.3660,0.3418,-1.0708,1.828,-0.191,0.484,-1.818,0.328,435,0.0253,484.66,0.657,1.212e+00,95,1.2109,0.0550,15,1.000,0,3.92697e+02,8.74026e-01,19.202225,8.19597e+01,5.43081e+00,20.554543,5.14325e+02,17.969800,1.518,2.584742,,,0,,,,,135941924,,0.003665,0.071997,0.013536,19.183106,0.003637,3.99673e+02,0.099,7.7601,5.3517,-0.3974
3.606981,37,"IGR J17091-3624 
SAX J1709.1-3624",17:09:08,-36:24:26,349.5247361,2.21273739,I=18.66Â±0.03,,,5.96E-9,,257.28411321975,-36.40800319593,0.0235482,0.0149520,84.33,5976921951382731904,257.28413071074,0.9610,-36.40799215144,0.4953,-2.0574,0.8673,-2.3723,4.026,3.167,1.437,2.485,0.918,422,1.1856,504.44,1.867,2.042e+00,95,1.2036,0.1407,14,1.041,0,1.37205e+02,7.33458e-01,20.343940,3.93821e+01,4.19691e+00,21.350296,2.52208e+02,18.743498,2.125,2.606798,,,0,,,,,,,0.006425,0.115739,0.031231,20.324446,0.006332,1.39691e+02,0.703,23.4796,15.0595,0.0920
4.733027,37,"IGR J17091-3624 
SAX J1709.1-3624",17:09:08,-36:24:26,349.5247361,2.21273739,I=18.66Â±0.03,,,5.96E-9,,257.28170860731,-36.40708559732,0.0036034,0.0010691,85.67,5976921951382731520,257.28170860731,3.5941,-36.40708559732,1.1002,,,,,,,,,230,3.9641,319.16,2.660,3.249e+00,3,,,5,,0,1.71600e+02,4.99474e+00,20.101074,6.37901e+01,7.55636e+00,20.826658,4.01624e+02,18.238348,2.712,2.588310,,,0,,,,,,,0.031722,0.128643,0.025382,20.101074,0.031722,1.71600e+02,1.292,3.5941,1.1002,0.2254
4.895374,37,"IGR J17091-3624 
SAX J1709.1-3624",17:09:08,-36:24:26,349.5247361,2.21273739,I=18.66Â±0.03,,,5.96E-9,,257.28395643399,-36.40595824536,0.0035206,0.0006499,71.65,5976922054440373376,257.28395643399,3.3479,-36.40595824536,1.2684,,,,,,,,,251,1.9341,290.70,2.009,1.465e+00,3,,,9,,0,9.88238e+01,8.87637e-01,20.700212,3.31108e+01,5.36726e+00,21.538618,1.30870e+02,19.455800,1.659,2.082819,,,0,,,,,,,0.010134,0.176020,0.077015,20.700212,0.010134,9.88238e+01,0.313,3.3479,1.2684,0.8424
4.962719,37,"IGR J17091-3624 
SAX J1709.1-3624",17:09:08,-36:24:26,349.5247361,2.21273739,I=18.66Â±0.03,,,5.96E-9,,257.28441008706,-36.40829431472,0.0137513,0.0017896,73.23,5976921951382732032,257.28441008706,13.1768,-36.40829431472,4.3211,,,,,,,,,52,1.1565,58.35,0.000,0.000e+00,3,,,3,,0,7.01320e+01,2.24669e+00,21.072577,,,,,,,,,,0,,,,,,,0.034891,,,21.072577,0.034891,7.01320e+01,,13.1768,4.3211,0.9018
3.038789,36,"XTE J1720-318 
V1228 Sco",17:19:59,-31:45:01,354.6237198,3.10128253,Ksâ¼17.15,,6.5Â±3.5,1.06E-8,,259.99553521305,-31.75108291956,0.0058590,0.0008788,66.44,5979640390832235392,259.99553521305,5.3820,-31.75108291956,2.4768,,,,,,,,,108,1.4854,125.06,2.149,6.971e-01,3,,,8,,0,1.01666e+02,1.19460e+00,20.669428,3.95064e+01,6.00993e+00,21.346874,1.37659e+02,19.400887,1.743,1.945988,,,0,,,,,,,0.013052,0.165192,0.110776,20.669428,0.013052,1.01666e+02,0.415,5.3820,2.4768,0.9224
3.915866,35,XTE J1908+094,19:08:53,9:23:05,43.2633756,0.43407857,I>22,Hâ¼20.08Â±0.04,6.5Â±3.5,3.77E-9,,287.21978341505,9.38439031781,0.0092707,0.0067516,52.67,4309172509490329856,287.21977794604,0.4150,9.38436595987,0.3926,1.3471,0.4241,3.1759,5.613,-1.214,0.538,-5.481,0.495,220,-0.2654,219.14,0.000,1.374e-15,95,1.3455,0.1001,15,0.986,0,2.09674e+02,1.01715e+00,19.883505,3.31717e+01,3.25541e+00,21.536625,2.62702e+02,18.699238,1.411,2.837387,,,0,,,119262872197781750,,,,0.005944,0.106589,0.031965,19.860273,0.005846,2.14209e+02,-0.046,8.4322,7.7734,0.2969
2.050008,34,SAX J1711.6-3808,17:11:37,-38:07:06,348.4406504,0.79880572,,R>22.1,,1.27E-9,,257.90488668405,-38.11839153483,0.0078503,0.0012381,66.98,5973177495780065664,257.90488668405,7.2413,-38.11839153483,3.2749,,,,,,,,,144,3.0904,196.32,4.628,2.315e+00,3,,,6,,0,7.72386e+01,1.08973e+00,20.967781,,,,,,,,,,0,,,,,,,0.015564,,,20.967781,0.015564,7.72386e+01,,7.2413,3.2749,0.9122
2.235802,34,SAX J1711.6-3808,17:11:37,-38:07:06,348.4406504,0.79880572,,R>22.1,,1.27E-9,,257.90479281511,-38.11871154354,0.0124811,0.0075931,86.82,5973177495794993792,257.90476224356,0.6051,-38.11873726865,0.2743,1.0491,0.5937,1.7670,7.924,-5.412,0.783,-5.788,0.466,575,4.0811,848.15,2.306,5.967e+00,95,0.9408,0.0899,15,1.123,0,2.27377e+02,1.33135e+00,19.795504,2.92790e+01,3.81196e+00,21.672152,7.42678e+02,17.570894,3.395,4.101257,,,0,,,,,135628397,,0.006929,0.141384,0.015400,19.769913,0.006793,2.32799e+02,1.761,12.4690,7.6129,0.0572
3.613504,34,SAX J1711.6-3808,17:11:37,-38:07:06,348.4406504,0.79880572,,R>22.1,,1.27E-9,,257.90487815146,-38.11916651869,0.0115637,0.0068870,72.45,5973177495794993664,257.90489452572,0.5316,-38.11916359858,0.2744,1.1740,0.5018,2.3393,2.972,2.898,0.695,0.657,0.454,617,1.0017,742.39,1.525,2.198e+00,95,1.0121,0.0896,19,1.028,0,1.82829e+02,6.85901e-01,20.032251,,,,5.43239e+02,17.910418,,,,,0,,,,,,,0.004918,,0.293561,20.032251,0.004918,1.82829e+02,,11.2194,7.4346,0.2974
4.609329,34,SAX J1711.6-3808,17:11:37,-38:07:06,348.4406504,0.79880572,,R>22.1,,1.27E-9,,257.90462505272,-38.11710480186,0.0195703,0.0091417,72.26,5973177491491228288,257.90460487592,0.7804,-38.11710863442,0.3834,0.4579,0.6461,0.7087,3.674,-3.572,1.166,-0.862,0.643,514,2.2884,653.43,1.977,2.842e+00,95,1.1643,0.1103,15,1.072,0,1.56639e+02,6.40289e-01,20.200117,2.65059e+01,5.15658e+00,21.780188,2.46561e+02,18.768085,1.743,3.012102,,,0,,,,,135628399,,0.005224,0.211243,0.029774,20.174526,0.005136,1.60375e+02,0.261,18.8467,10.5531,0.4369
1.847718,33,XTE J1650-500,16:50:01,-49:57:44,336.7182648,-3.42701092,I=16.1Â±0.1,iâ>19.4,2.6Â±0.7,1.52E-8,7.69Â±0.02,252.50338059984,-49.96213431782,0.0109626,0.0083353,102.78,5937599120570293248,252.50336712003,0.4551,-49.96215772087,0.2976,0.7868,0.5121,1.5366,5.616,-1.951,0.671,-5.266,0.523,307,0.1497,317.69,0.000,0.000e+00,95,1.5156,0.1099,18,1.005,0,1.91297e+02,1.12566e+00,19.983093,6.16637e+01,4.44134e+00,20.863468,2.61748e+02,18.703186,1.691,2.160282,,,0,,,,,,,0.006958,0.078250,0.019855,19.971470,0.006895,1.93356e+02,0.333,10.8489,8.4827,-0.1188
3.101578,33,XTE J1650-500,16:50:01,-49:57:44,336.7182648,-3.42701092,I=16.1Â±0.1,iâ>19.4,2.6Â±0.7,1.52E-8,7.69Â±0.02,252.50540605870,-49.96189574213,0.0052449,0.0038369,103.43,5937599154973476224,252.50538882229,0.2136,-49.96190219869,0.1419,0.4975,0.2464,2.0185,2.887,-2.495,0.322,-1.453,0.242,349,0.9108,390.63,0.418,5.929e-01,95,1.3477,0.0517,20,1.034,0,4.74183e+02,9.14339e-01,18.997503,1.40904e+02,4.27998e+00,19.966234,4.46125e+02,18.124254,1.238,1.841980,,,0,,,,,,,0.003460,0.033097,0.016749,18.991348,0.003453,4.76879e+02,-0.076,5.1787,3.9258,-0.1421
3.793907,33,XTE J1650-500,16:50:01,-49:57:44,336.7182648,-3.42701092,I=16.1Â±0.1,iâ>19.4,2.6Â±0.7,1.52E-8,7.69Â±0.02,252.50533588389,-49.96296040135,0.0039647,0.0010268,59.05,5937599120575892608,252.50533588389,3.4408,-49.96296040135,2.2212,,,,,,,,,62,1.1640,69.59,3.370,1.179e+00,3,,,6,,0,8.83947e+01,1.37448e+00,20.821300,2.50607e+01,7.66027e+00,21.841059,1.01132e+02,19.735680,1.428,2.105379,,,0,,,,,,,0.017106,0.331887,0.139567,20.821300,0.017106,8.83947e+01,0.078,3.4408,2.2212,0.8463
4.750642,33,XTE J1650-500,16:50:01,-49:57:44,336.7182648,-3.42701092,I=16.1Â±0.1,iâ>19.4,2.6Â±0.7,1.52E-8,7.69Â±0.02,252.50601528882,-49.96279424744,0.0136747,0.0014686,86.01,5937599120575892736,252.50601528882,13.6419,-49.96279424744,1.7468,,,,,,,,,94,6.3155,201.50,7.325,1.011e+01,3,,,6,,0,9.25118e+01,2.28726e+00,20.771873,5.25391e+01,1.01633e+00,21.037334,1.36497e+02,19.410084,2.043,1.627251,,,0,,,,,,,0.026985,0.021187,0.125467,20.771873,0.026985,9.25118e+01,0.758,13.6419,1.7468,0.5383
2.099474,32,"XTE J1118+480 
KV UMa",11:18:11,48:02:12,157.661162,62.32056579,I=13.6Â±0.1,iâ=19.0Â±0.2,1.72Â±0.1,4.99E-10,4.0784088Â±5E-07,169.54497100854,48.03675409170,0.0033860,0.0024067,169.85,789430249033567744,169.54485066920,0.1370,48.03672437092,0.1791,0.1605,0.2653,0.6049,19.300,-18.105,0.155,-6.687,0.217,816,2.3338,941.43,0.602,1.140e+00,95,1.4926,0.0437,24,1.058,0,3.54255e+02,1.42479e+00,19.314075,1.64106e+02,5.20068e+00,19.800734,2.75301e+02,18.648375,1.240,1.152359,,,0,,,165641695449314841,1237658203433271409,,691223994,0.005163,0.034521,0.023878,19.316559,0.005172,3.53446e+02,0.009,2.4431,3.3599,-0.1199
0.451802,31,"XTE J1859+226 
V406 Vul",18:58:42,22:39:29,54.046082,8.60760698,Râ¼15.2,R=22.54Â±0.07,12.5Â±1.5,3.35E-8,6.58Â±0.05,284.67486665287,22.65808020795,0.0079238,0.0055567,174.69,4532919724132142976,284.67488986974,0.2421,22.65806074132,0.4031,0.9908,0.5077,1.9516,6.513,4.821,0.345,-4.380,0.489,721,0.5824,799.10,0.800,4.760e-01,95,1.2898,0.0903,26,1.015,0,1.34395e+02,5.20891e-01,20.366411,3.26944e+01,2.60266e+00,21.552359,1.66767e+02,19.192623,1.484,2.359736,,,0,,,135192846748980248,,,,0.005030,0.086476,0.030096,20.351232,0.004981,1.36287e+02,0.098,5.5813,7.9066,-0.0667
2.278006,30,"SAX J1819.3-2525 
V4641 Sgr",18:19:22,-25:24:25,6.7740023,-4.78873545,V=8.8,V=13.96Â±0.02,6.2Â±0.7,2.76E-7,67.6152Â±0.0002,274.84096803794,-25.40689782348,0.0101125,0.0052186,61.82,4053096384771470720,274.84094475226,0.3984,-25.40690557025,0.3505,0.7458,0.4629,1.6113,5.043,-4.733,0.569,-1.743,0.405,128,-0.3062,123.28,0.000,0.000e+00,95,1.3695,0.1056,11,0.978,0,4.02882e+02,1.70239e+00,19.174423,,,,,,,,,,0,,,,,,,0.005352,,,19.174423,0.005352,4.02882e+02,,9.2481,6.6309,0.5093
2.506052,30,"SAX J1819.3-2525 
V4641 Sgr",18:19:22,-25:24:25,6.7740023,-4.78873545,V=8.8,V=13.96Â±0.02,6.2Â±0.7,2.76E-7,67.6152Â±0.0002,274.84240790042,-25.40713497555,0.0306556,0.0010689,46.26,4053096384771474176,274.84240790042,22.1588,-25.40713497555,21.2108,,,,,,,,,62,2.3491,85.07,2.993,1.861e+00,3,,,5,,0,1.98448e+02,3.13260e+00,19.943249,,,,,,,,,,0,,,,,,,0.017359,,,19.943249,0.017359,1.98448e+02,,22.1588,21.2108,0.9976
3.441931,30,"SAX J1819.3-2525 
V4641 Sgr",18:19:22,-25:24:25,6.7740023,-4.78873545,V=8.8,V=13.96Â±0.02,6.2Â±0.7,2.76E-7,67.6152Â±0.0002,274.84131314223,-25.40604325754,0.0206302,0.0021767,126.44,4053096388919092608,274.84131314223,16.6477,-25.40604325754,12.3772,,,,,,,,,53,-0.6953,40.90,0.000,0.000e+00,3,,,4,,0,2.01024e+02,1.75733e+00,19.929245,,,,,,,,,,0,,,,,,,0.009883,,,19.929245,0.009883,2.01024e+02,,16.6477,12.3772,-0.9760
3.739728,30,"SAX J1819.3-2525 
V4641 Sgr",18:19:22,-25:24:25,6.7740023,-4.78873545,V=8.8,V=13.96Â±0.02,6.2Â±0.7,2.76E-7,67.6152Â±0.0002,274.84264300538,-25.40749341678,0.0026526,0.0018756,65.17,4053096384771357952,274.84265183958,0.1285,-25.40752370972,0.1268,1.0633,0.1633,6.5130,7.048,1.795,0.156,-6.816,0.122,184,-0.0859,185.40,0.000,0.000e+00,95,1.4021,0.0318,14,0.994,0,1.47416e+03,2.16756e+00,17.766005,,,,,,,,,,0,,,,,238080704,,0.003184,,,17.766005,0.003184,1.47416e+03,,2.5330,2.0343,0.2602
3.920740,30,"SAX J1819.3-2525 
V4641 Sgr",18:19:22,-25:24:25,6.7740023,-4.78873545,V=8.8,V=13.96Â±0.02,6.2Â±0.7,2.76E-7,67.6152Â±0.0002,274.84272807327,-25.40642780204,0.0011162,0.0007095,105.18,4053096384771475712,274.84272807327,1.0931,-25.40642780204,0.7446,,,,,,,,,71,2.2421,94.41,2.237,2.382e+00,3,,,5,,0,3.06539e+02,1.82673e+00,19.471153,,,,,,,,,,0,,,,,,,0.007032,,,19.471153,0.007032,3.06539e+02,,1.0931,0.7446,-0.2306
3.939094,30,"SAX J1819.3-2525 
V4641 Sgr",18:19:22,-25:24:25,6.7740023,-4.78873545,V=8.8,V=13.96Â±0.02,6.2Â±0.7,2.76E-7,67.6152Â±0.0002,274.84090524739,-25.40609343504,0.0058378,0.0037089,76.90,4053096384771753856,274.84090666116,0.2712,-25.40611455692,0.2460,0.1755,0.3540,0.4957,4.761,0.287,0.356,-4.752,0.233,188,0.9608,208.62,0.492,5.519e-01,95,1.4345,0.0700,14,1.049,0,5.43444e+02,2.91414e+00,18.849480,3.70699e+02,3.41033e+01,18.915989,6.28491e+02,17.752150,1.839,1.163839,,,0,,,77512748409483012,,,,0.006441,0.099924,0.058886,18.851877,0.006453,5.42246e+02,0.606,5.7477,3.8470,0.2029
4.556730,30,"SAX J1819.3-2525 
V4641 Sgr",18:19:22,-25:24:25,6.7740023,-4.78873545,V=8.8,V=13.96Â±0.02,6.2Â±0.7,2.76E-7,67.6152Â±0.0002,274.84257305884,-25.40790975912,0.0016706,0.0013063,82.11,4053096388934183040,274.84257938133,0.0838,-25.40792111427,0.0828,0.7884,0.1181,6.6779,2.860,1.285,0.104,-2.555,0.079,197,1.1494,222.40,0.171,5.955e-01,95,1.4464,0.0212,15,1.058,0,2.69772e+03,5.52645e+00,17.109873,1.24994e+03,3.42083e+01,17.596320,3.00925e+03,16.051750,1.579,1.544569,,,0,,,77512748426390945,,238080704,,0.003541,0.029845,0.033511,17.108183,0.003539,2.70193e+03,0.303,1.6645,1.3141,0.0674
2.758788,29,XTE J2012+381,20:12:38,38:11:01,75.3883359,2.2470781,R=20.0Â±0.2,Ks=20.1Â±0.2,,7.77E-9,,303.15859362951,38.18434962322,0.0067922,0.0062196,14.60,2061673637409839616,303.15858347386,0.2948,38.18433972096,0.3133,0.4131,0.3826,1.0797,2.862,-1.796,0.387,-2.228,0.420,376,-0.1724,385.51,0.000,0.000e+00,95,1.2991,0.0903,26,0.993,0,1.74668e+02,7.07974e-01,20.081831,3.15029e+01,4.99675e+00,21.592667,2.51165e+02,18.747997,1.618,2.844669,,,0,,,153823031586021835,,,,0.005192,0.172234,0.027692,20.058488,0.005113,1.78464e+02,0.160,6.2575,6.7573,0.0430
2.847458,29,XTE J2012+381,20:12:38,38:11:01,75.3883359,2.2470781,R=20.0Â±0.2,Ks=20.1Â±0.2,,7.77E-9,,303.15733032739,38.18354747836,0.0012613,0.0011591,12.40,2061673641720429312,303.15730783536,0.0555,38.18351819815,0.0598,0.1859,0.0719,2.5850,7.696,-3.978,0.072,-6.588,0.078,418,1.8534,488.93,0.216,1.114e+00,31,,,27,1.064,0,1.85351e+03,1.41301e+00,17.517378,7.17680e+02,6.78306e+00,18.198715,1.65555e+03,16.700537,1.280,1.498179,,,0,,,153823031573040878,,,641402554,0.002877,0.010634,0.006277,17.517378,0.002877,1.85351e+03,0.010,1.1641,1.2568,0.0354
4.482355,28,XTE J1748-288,17:48:05,-28:28:26,0.6755628,-0.22203244,,,â¥8,1.61E-8,,267.02223929247,-28.47404007478,0.0016761,0.0011328,79.51,4057514462766544384,267.02224157453,0.0900,-28.47404679091,0.0708,0.1915,0.1038,1.8447,1.577,0.451,0.102,-1.511,0.069,338,0.1330,1259.68,0.558,2.693e+01,31,,,16,1.004,0,7.36569e+03,4.28670e+01,16.019333,2.25755e+02,1.18941e+01,19.454450,1.45217e+04,14.342855,2.002,5.111596,,,0,,,73832670222471374,,165330241,,0.006893,0.057271,0.004469,16.019333,0.006893,7.36569e+03,0.226,1.6609,1.1549,0.1424
2.797174,27,"XTE J1550-564 
V381 Nor",15:50:59,-56:28:35,325.8824005,-1.82687035,Vâ¼16.6,V=22.0Â±0.2,4.5Â±0.5,1.61E-7,37.0088Â±0.0001,237.74443246696,-56.47646066250,0.0349440,0.0246218,54.19,5884099221246440064,237.74438024214,1.4128,-56.47647617519,1.3058,2.3470,2.5819,0.9090,7.369,-6.490,1.957,-3.490,1.738,104,1.1512,117.75,0.000,0.000e+00,95,0.9515,0.3646,10,1.080,0,8.93103e+01,1.39021e+00,20.810112,2.15053e+01,4.18318e+00,22.007180,9.40623e+01,19.814358,1.294,2.192822,,,0,,,,,,,0.017124,0.211215,0.117050,20.797910,0.016937,9.03197e+01,-0.068,31.7892,28.5791,0.3211
1.559020,26,XTE J1755-324,17:55:29,-32:28:39,358.0392155,-3.63136938,,,,3.41E-9,,268.87039656591,-32.47727244719,0.0034742,0.0014044,51.76,4043540017871783808,268.87039656591,2.8639,-32.47727244719,2.4168,,,,,,,,,61,1.6604,74.66,2.240,6.149e-01,3,,,6,,0,8.87094e+01,1.76642e+00,20.817442,,,,,,,,,,0,,,,,,,0.021795,,,20.817442,0.021795,8.87094e+01,,2.8639,2.4168,0.7093
2.505075,26,XTE J1755-324,17:55:29,-32:28:39,358.0392155,-3.63136938,,,,3.41E-9,,268.87061327216,-32.47817063373,0.0382380,0.0017337,47.51,4043540013581690112,268.87061327216,28.2196,-32.47817063373,25.8612,,,,,,,,,69,1.0880,76.36,0.766,1.940e-01,3,,,5,,0,1.47276e+02,2.61100e+00,20.267040,,,,,,,,,,0,,,,,,,0.019445,,,20.267040,0.019445,1.47276e+02,,28.2196,25.8612,0.9959
2.676394,26,XTE J1755-324,17:55:29,-32:28:39,358.0392155,-3.63136938,,,,3.41E-9,,268.87082626922,-32.47824341902,0.0048418,0.0027264,66.59,4043540017869317376,268.87082135817,0.2634,-32.47826220672,0.2127,-0.0554,0.2405,-0.2305,4.329,-0.932,0.282,-4.227,0.187,333,4.2691,517.89,1.004,5.179e+00,95,1.2241,0.0468,16,1.170,0,6.61982e+02,1.45857e+00,18.635252,1.73254e+02,9.65894e+00,19.741835,9.24295e+02,17.333368,1.658,2.408466,,,0,,,,,157013164,,0.003649,0.060594,0.018784,18.619207,0.003626,6.71837e+02,0.265,4.5733,3.1561,0.4045
3.169356,26,XTE J1755-324,17:55:29,-32:28:39,358.0392155,-3.63136938,,,,3.41E-9,,268.87185854209,-32.47766451947,0.0601083,0.0025194,62.41,4043540017917789568,268.87185854209,53.2840,-32.47766451947,27.9315,,,,,,,,,42,1.4336,49.93,3.082,1.456e+00,3,,,3,,0,1.08055e+02,2.24187e+00,20.603258,,,,,,,,,,0,,,,,,,0.022694,,,20.603258,0.022694,1.08055e+02,,53.2840,27.9315,0.9948
3.334988,26,XTE J1755-324,17:55:29,-32:28:39,358.0392155,-3.63136938,,,,3.41E-9,,268.87085097729,-32.47657373395,0.0044906,0.0031396,90.72,4043540013586897408,268.87083775419,0.2406,-32.47659702407,0.2176,-0.0279,0.3135,-0.0891,5.810,-2.510,0.277,-5.240,0.186,217,1.3663,265.60,0.633,1.906e+00,95,1.2764,0.0500,14,1.066,0,7.47768e+02,2.33490e+00,18.502949,,,,,,,,,,0,,,,,,,0.004369,,,18.502949,0.004369,7.47768e+02,,4.4904,3.1399,-0.0092
3.381222,26,XTE J1755-324,17:55:29,-32:28:39,358.0392155,-3.63136938,,,,3.41E-9,,268.87172107029,-32.47806683930,0.0033688,0.0006326,52.23,4043540017871985536,268.87172107029,2.6908,-32.47806683930,2.1233,,,,,,,,,188,6.7674,344.38,3.328,5.385e+00,3,,,12,,0,1.39023e+02,2.01114e+00,20.329649,6.51712e+01,2.01407e+01,20.803404,1.26511e+02,19.492573,1.379,1.310831,,,0,,,,,,,0.015946,0.335552,0.133904,20.329649,0.015946,1.39023e+02,0.130,2.6908,2.1233,0.9278
4.450656,26,XTE J1755-324,17:55:29,-32:28:39,358.0392155,-3.63136938,,,,3.41E-9,,268.86997487144,-32.47850197847,0.0110708,0.0007291,46.71,4043539983509578880,268.86997487144,8.0740,-32.47850197847,7.6095,,,,,,,,,112,2.0386,138.88,1.724,8.667e-01,3,,,7,,0,1.35236e+02,1.39711e+00,20.359638,,,,,,,,,,0,,,,,,,0.011550,,,20.359638,0.011550,1.35236e+02,,8.0740,7.6095,0.9913
4.460320,26,XTE J1755-324,17:55:29,-32:28:39,358.0392155,-3.63136938,,,,3.41E-9,,268.87016009031,-32.47860113717,0.0278676,0.0135154,59.25,4043539983557741568,268.87023536875,1.6831,-32.47859252354,1.2981,0.4082,1.2336,0.3309,14.419,14.288,1.516,1.938,1.082,235,17.0938,926.89,5.931,2.412e+01,95,1.1296,0.2304,12,1.895,0,1.97415e+02,1.35031e+00,19.948917,1.22629e+02,9.91110e+01,20.117064,2.54128e+02,18.735266,1.908,1.381798,,,0,,,,,,,0.007921,0.877520,0.128218,19.949244,0.007923,1.97355e+02,0.652,24.9257,18.3842,0.5696
4.515891,26,XTE J1755-324,17:55:29,-32:28:39,358.0392155,-3.63136938,,,,3.41E-9,,268.87124026281,-32.47629347280,0.0031258,0.0018885,68.24,4043540017915375360,268.87123559532,0.1676,-32.47633336944,0.1376,0.5292,0.1639,3.2290,9.020,-0.886,0.184,-8.977,0.126,298,5.7938,524.69,0.733,6.436e+00,95,1.2673,0.0327,16,1.248,0,1.26454e+03,3.69824e+00,17.932539,3.58578e+02,2.01428e+01,18.952084,2.06953e+03,16.458216,1.920,2.493868,,,0,,,,,,,0.004204,0.061054,0.029362,17.914991,0.004166,1.28514e+03,0.514,2.9864,2.1021,0.3403
4.784082,26,XTE J1755-324,17:55:29,-32:28:39,358.0392155,-3.63136938,,,,3.41E-9,,268.87229972047,-32.47701449894,0.0059915,0.0034646,67.47,4043540017915367808,268.87229089344,0.2990,-32.47704365990,0.2415,0.7174,0.2728,2.6295,6.772,-1.675,0.350,-6.561,0.235,307,0.4790,325.45,0.000,0.000e+00,95,1.4265,0.0572,16,1.018,0,3.93096e+02,1.16855e+00,19.201120,1.54385e+02,1.99170e+01,19.867030,4.61123e+02,18.088354,1.566,1.778675,,,0,,,,,,,0.004244,0.140097,0.070027,19.195983,0.004232,3.94960e+02,0.261,5.6912,3.9384,0.3773
3.883856,25,GRS 1737-31,17:40:09,-31:02:24,357.5877503,-0.0994064,,,,6.0E-10,,265.03710007084,-31.04102298527,0.0086303,0.0060495,72.21,4055195352233712128,265.03708396335,0.6099,-31.04104792262,0.4222,-0.1599,0.6959,-0.2297,6.413,-3.105,0.525,-5.611,0.372,299,0.6040,330.56,0.342,2.025e-01,95,1.3113,0.0632,12,1.024,0,3.58044e+02,1.03856e+00,19.302525,4.66346e+01,5.28773e+00,21.166773,4.64803e+02,18.079723,1.428,3.087050,,,0,,,70752650371261009,,162297980,,0.004185,0.123140,0.016765,19.276934,0.004130,3.66584e+02,-0.065,8.4230,6.3350,0.2065
3.574007,24,"GRS 1739-278 
V2606 Oph",17:42:40,-27:44:53,0.6720951,1.17572417,J=17.2Â±0.1,J>20.1,7.25Â±1.25,7.2E-9,,265.66586067672,-27.74874607170,0.0154177,0.0010427,49.51,4060669893680367488,265.66586067672,11.7458,-27.74874607170,10.0413,,,,,,,,,138,1.8855,165.41,1.781,6.688e-01,3,,,7,,0,9.18882e+01,9.91946e-01,20.779217,,,,,,,,,,0,,,74702656659591851,,,,0.012040,,,20.779217,0.012040,9.18882e+01,,11.7458,10.0413,0.9907
4.094686,24,"GRS 1739-278 
V2606 Oph",17:42:40,-27:44:53,0.6720951,1.17572417,J=17.2Â±0.1,J>20.1,7.25Â±1.25,7.2E-9,,265.66538177306,-27.74803043779,0.0191463,0.0083854,73.00,4060669893677609984,265.66537906719,1.0475,-27.74805651574,0.6483,-0.6524,0.9829,-0.6637,5.892,-0.539,1.156,-5.868,0.578,287,2.3208,381.13,2.004,2.503e+00,95,1.1539,0.1412,12,1.098,0,1.47920e+02,7.59626e-01,20.262302,1.73307e+01,3.26961e+00,22.241500,1.98882e+02,19.001408,1.462,3.240093,,,0,,,74702656654552692,,,,0.006219,0.204854,0.022685,20.236711,0.006103,1.51448e+02,-0.055,18.4734,9.7791,0.4584
0.854125,22,"GRS 1730-312 
KS 1730-312",17:33:32,-31:12:16,356.687935,1.00634388,,,,1.14E-8,,263.38355227096,-31.20459012767,0.0231218,0.0111057,64.87,4055310289847579392,263.38350451487,0.8627,-31.20461381293,0.6165,1.3313,0.9805,1.3578,10.624,-9.191,1.320,-5.329,0.852,184,-0.3555,184.90,0.000,0.000e+00,95,1.2382,0.1669,13,0.979,0,,,,,,,3.93470e+02,18.260616,,,,,0,,,,,,,,,0.024180,,,,,21.4586,14.0530,0.5243
0.941121,22,"GRS 1730-312 
KS 1730-312",17:33:32,-31:12:16,356.687935,1.00634388,,,,1.14E-8,,263.38350898383,-31.20423050485,0.0404228,0.0157772,64.38,4055310289847579264,263.38346774165,1.3033,-31.20425858707,0.8993,-0.8131,1.2862,-0.6322,10.145,-7.937,2.266,-6.318,1.371,163,7.6851,373.54,3.260,1.093e+01,95,1.2221,0.2658,11,1.461,0,1.36737e+02,1.13638e+00,20.347649,,,,2.95433e+02,18.571749,,,,,0,,,,,,,0.009434,,0.003980,20.347649,0.009434,1.36737e+02,,37.0814,22.5366,0.6462
4.680979,22,"GRS 1730-312 
KS 1730-312",17:33:32,-31:12:16,356.687935,1.00634388,,,,1.14E-8,,263.38342080459,-31.20314632669,0.0099110,0.0061814,81.75,4055310289847585920,263.38341192598,0.4179,-31.20315320836,0.2971,0.1431,0.5345,0.2677,2.306,-1.709,0.624,-1.548,0.389,189,-2.5067,173.49,0.000,0.000e+00,95,0.9462,0.1072,13,0.870,0,2.91032e+02,1.35197e+00,19.527517,5.32048e+01,7.05642e+00,21.023664,3.78267e+02,18.303398,1.483,2.720266,,,0,,,70552633834136469,,,,0.005747,0.144026,0.025470,19.506136,0.005661,2.96820e+02,0.043,9.8485,6.2804,0.1377
1.657141,21,"GRO J1655-40 
N Sco 1994 = V1033 Sco",16:54:00,-39:50:45,344.9818318,2.45604284,R=13.55,R=16.3Â±0.1,3.2Â±0.2,1.15E-7,62.92Â±0.003,253.50059331792,-39.84576713926,0.0010122,0.0007701,84.58,5969790961312131456,253.50056825794,0.0438,-39.84580029831,0.0276,0.2902,0.0481,6.0386,8.626,-4.329,0.062,-7.461,0.047,404,1.5655,462.77,0.000,0.000e+00,31,,,20,1.055,0,6.08498e+03,2.74937e+01,16.226719,1.58593e+03,2.56893e+01,17.337835,6.72348e+03,15.178909,1.366,2.158926,,,0,,,,,127635787,,0.005626,0.017807,0.014250,16.226719,0.005626,6.08498e+03,0.008,1.0103,0.7726,0.0519
4.087413,21,"GRO J1655-40 
N Sco 1994 = V1033 Sco",16:54:00,-39:50:45,344.9818318,2.45604284,R=13.55,R=16.3Â±0.1,3.2Â±0.2,1.15E-7,62.92Â±0.003,253.49957436855,-39.84474598585,0.0020503,0.0009984,73.96,5969790965636130688,253.49957436855,1.9897,-39.84474598585,1.1143,,,,,,,,,138,10.6339,391.37,4.309,5.226e+00,3,,,14,,0,8.85795e+01,1.58553e+00,20.819035,3.33679e+01,4.13314e+00,21.530218,1.62896e+02,19.218119,2.216,2.312100,,,0,,,,,,,0.019628,0.134514,0.051383,20.819035,0.019628,8.85795e+01,0.837,1.9897,1.1143,0.3841
4.178678,21,"GRO J1655-40 
N Sco 1994 = V1033 Sco",16:54:00,-39:50:45,344.9818318,2.45604284,R=13.55,R=16.3Â±0.1,3.2Â±0.2,1.15E-7,62.92Â±0.003,253.49965686422,-39.84470288232,0.0441030,0.0102046,63.52,5969790965636130560,253.49965686422,39.7387,-39.84470288232,21.6805,,,,,,,,,52,116.3788,34236.09,68.676,3.526e+03,3,,,4,,0,7.81327e+01,2.84918e+00,20.955284,4.30604e+01,9.94329e+00,21.253345,1.72234e+02,19.157595,2.756,2.095751,,,0,,,,,,,0.039688,0.250728,0.104945,20.955284,0.039688,7.81327e+01,1.407,39.7387,21.6805,0.8527
4.322434,21,"GRO J1655-40 
N Sco 1994 = V1033 Sco",16:54:00,-39:50:45,344.9818318,2.45604284,R=13.55,R=16.3Â±0.1,3.2Â±0.2,1.15E-7,62.92Â±0.003,253.49853810545,-39.84625976982,0.0299462,0.0182825,57.57,5969790965620721920,253.49853771254,1.2489,-39.84627670008,0.7600,-0.8089,1.0630,-0.7609,3.810,-0.068,1.646,-3.809,1.360,181,0.2528,201.41,1.180,4.392e-01,95,1.1755,0.1928,11,1.012,0,1.24342e+02,1.01562e+00,20.450823,4.13447e+01,2.25995e+01,21.297493,2.80648e+02,18.627493,2.590,2.670000,,,0,,,,,,,0.009286,0.593485,0.332562,20.430268,0.009128,1.26718e+02,1.158,27.1117,22.2706,0.4217
1.560461,20,"GRS 1716-249 
N Oph 1993 = V2293 Oph",17:19:37,-25:01:03,0.1422746,6.99086431,Vâ¼16.6,Vâ¥21.0,2.4Â±0.4,1.97E-8,,259.90383409797,-25.01781155596,0.0581523,0.0029522,128.70,4110788141995042048,259.90383409797,45.4212,-25.01781155596,36.4325,,,,,,,,,52,-1.4688,33.61,0.000,0.000e+00,3,,,3,,0,4.63341e+03,7.95678e+01,16.522615,1.99393e+03,1.44509e+02,17.089268,4.11375e+03,15.712300,1.318,1.376967,,,0,,,,,,,0.018847,0.078738,0.065152,16.522615,0.018847,4.63341e+03,0.062,45.4212,36.4325,-0.9946
3.139154,20,"GRS 1716-249 
N Oph 1993 = V2293 Oph",17:19:37,-25:01:03,0.1422746,6.99086431,Vâ¼16.6,Vâ¥21.0,2.4Â±0.4,1.97E-8,,259.90321135824,-25.01739531415,0.0221488,0.0141155,68.06,4110788141963722112,259.90320067556,1.0908,-25.01740800294,0.6943,-4.6933,1.0898,-4.3064,3.591,-2.178,1.306,-2.855,0.943,293,5.1128,456.58,4.384,5.868e+00,95,0.9296,0.2108,15,1.220,0,1.07994e+02,9.25464e-01,20.603865,4.24805e+01,4.85557e+00,21.268068,1.56911e+02,19.258762,1.846,2.009306,,,0,,,77972599032399469,,,,0.009704,0.124132,0.056774,20.594891,0.009630,1.08891e+02,0.510,21.2107,15.4894,0.3073
3.418049,20,"GRS 1716-249 
N Oph 1993 = V2293 Oph",17:19:37,-25:01:03,0.1422746,6.99086431,Vâ¼16.6,Vâ¥21.0,2.4Â±0.4,1.97E-8,,259.90398684511,-25.01843537036,0.0072195,0.0041806,71.59,4110788141963698688,259.90395457359,0.3152,-25.01843230593,0.1965,0.5296,0.3151,1.6808,6.616,-6.580,0.430,0.689,0.278,421,8.7841,773.14,1.655,1.041e+01,95,1.3330,0.0583,16,1.319,0,4.58573e+02,1.80424e+00,19.033846,1.52023e+02,5.86313e+00,19.883768,5.82959e+02,17.833801,1.603,2.049967,,,0,,,77972599040058218,,177300684,,0.005083,0.041967,0.015652,19.024166,0.005051,4.62679e+02,0.261,6.9762,4.5751,0.3252
4.556098,20,"GRS 1716-249 
N Oph 1993 = V2293 Oph",17:19:37,-25:01:03,0.1422746,6.99086431,Vâ¼16.6,Vâ¥21.0,2.4Â±0.4,1.97E-8,,259.90555311228,-25.01765245531,0.0029846,0.0012711,67.71,4110788141963697536,259.90555311228,2.8034,-25.01765245531,1.6324,,,,,,,,,171,8.5819,375.46,7.121,1.000e+01,3,,,11,,0,9.20590e+01,1.20550e+00,20.777203,4.11650e+01,7.70303e+00,21.302221,1.05762e+02,19.687077,1.596,1.615145,,,0,,,77972599056199133,,,,0.014482,0.203188,0.066345,20.777203,0.014482,9.20590e+01,0.312,2.8034,1.6324,0.5592
3.737572,19,"GRS 1009-45 
N Vel 1993 = MM Vel",10:13:36,-45:04:32,275.878471,9.34597492,R<14.7,r=20.4Â±0.1,3.8Â±0.3,5.1E-8,6.8449Â±0.0003,153.40142970963,-45.07531359395,0.0079362,0.0036706,38.89,5414249796406956928,153.40142970963,5.7434,-45.07531359395,6.5932,,,,,,,,,45,15.6761,404.72,6.799,8.608e+00,3,,,5,,0,7.96862e+01,1.88356e+00,20.933910,,,,,,,,,,0,,,,,,,0.025811,,,20.933910,0.025811,7.96862e+01,,5.7434,6.5932,0.6389
4.386581,19,"GRS 1009-45 
N Vel 1993 = MM Vel",10:13:36,-45:04:32,275.878471,9.34597492,R<14.7,r=20.4Â±0.1,3.8Â±0.3,5.1E-8,6.8449Â±0.0003,153.40171168155,-45.07570940709,0.0013929,0.0011590,38.48,5414249796406957056,153.40167748357,0.0613,-45.07569874903,0.0672,0.1900,0.0873,2.1763,5.939,-5.434,0.077,2.398,0.081,435,-0.9285,419.48,0.000,1.938e-15,31,,,27,0.968,0,1.55437e+03,1.27621e+00,17.708480,7.86970e+02,7.04857e+00,18.098646,1.15239e+03,17.093900,1.248,1.004746,,,0,,,,,413474439,,0.002896,0.010117,0.009863,17.708480,0.002896,1.55437e+03,0.030,1.2547,1.3073,0.1772
3.441155,18,"GRS 1915+105 
V1487 Aql",19:15:12,10:56:45,45.3657052,-0.21897507,H=13.09,Iâ¼23.7Â±0.4,9Â±2,9.29E-8,812Â±4,288.80058404749,10.94659811274,0.0071875,0.0064930,64.21,4309751264925566848,288.80058652227,0.3638,10.94658622022,0.3858,-0.4782,0.4802,-0.9957,2.731,0.547,0.443,-2.676,0.424,263,4.3940,399.97,1.978,5.192e+00,95,1.2663,0.1022,16,1.199,0,2.91613e+02,1.09693e+00,19.525349,3.80976e+01,8.70835e+00,21.386300,5.38002e+02,17.920935,1.976,3.465365,,,0,,,121132888005826403,,,,0.004927,0.248193,0.012925,19.499758,0.004848,2.98568e+02,0.427,7.0613,6.6300,0.0795
4.178069,18,"GRS 1915+105 
V1487 Aql",19:15:12,10:56:45,45.3657052,-0.21897507,H=13.09,Iâ¼23.7Â±0.4,9Â±2,9.29E-8,812Â±4,288.79893655699,10.94532658334,0.0074811,0.0068249,70.68,4309751260630693888,288.79894336822,0.3559,10.94532271908,0.3911,0.0965,0.4712,0.2048,1.738,1.505,0.465,-0.869,0.439,280,-0.4630,296.73,0.000,0.000e+00,95,1.1458,0.0944,17,0.979,0,2.05643e+02,1.09618e+00,19.904585,3.23328e+01,5.44216e+00,21.564434,2.78846e+02,18.634483,1.513,2.929951,,,0,,,121132887989374884,,,,0.006410,0.182769,0.027890,19.879977,0.006293,2.10357e+02,0.043,7.4121,6.8998,0.0573
2.569442,17,"GRO J0422+32 
V518 Per",4:21:43,32:54:27,165.8808146,-11.91243707,R=12.65,R=21.0Â±0.1,2.49Â±0.3,5.77E-8,5.091850Â±0.000005,65.42951174608,32.90815229149,0.0089355,0.0055628,63.55,172650744633325312,65.42951323668,0.3334,32.90815063953,0.2326,-0.2970,0.3743,-0.7934,0.466,0.282,0.518,-0.372,0.395,233,-0.3605,230.13,0.000,1.331e-15,31,,,16,0.982,0,3.26209e+02,1.11483e+00,19.403630,1.38617e+02,8.54780e+00,19.984000,2.54287e+02,18.734587,1.204,1.249413,,,0,,,147490654294880373,1237660751411217299,,,0.004622,0.067010,0.045640,19.403630,0.004622,3.26209e+02,-0.037,8.3752,6.3752,0.3652
3.492037,17,"GRO J0422+32 
V518 Per",4:21:43,32:54:27,165.8808146,-11.91243707,R=12.65,R=21.0Â±0.1,2.49Â±0.3,5.77E-8,5.091850Â±0.000005,65.42801144723,32.90748309894,0.0096125,0.0029141,85.67,172650748928103552,65.42801144723,9.5875,32.90748309894,2.9952,,,,,,,,,52,4.3401,101.77,6.390,2.980e+00,3,,,4,,0,9.02254e+01,3.51638e+00,20.799046,5.97480e+01,9.44646e+00,20.897734,8.09477e+01,19.977385,1.559,0.920349,,,0,,,147480654280249562,1237660751411217300,,,0.042404,0.171683,0.122711,20.799046,0.042404,9.02254e+01,0.350,9.5875,2.9952,0.2202
2.206224,16,"GRS 1124-684 
N Mus 1991 = GU Mus",11:26:27,-68:40:33,295.3006588,-7.07263349,Vâ¼13.5,i'=19.92Â±0.04,4.95+0.69-0.65,1.36E-7,10.38252Â±2E-05,171.61081731650,-68.67579937582,0.0044581,0.0036442,36.39,5234956524083372544,171.61078146385,0.2162,-68.67580556243,0.1919,0.1794,0.2415,0.7427,3.247,-2.933,0.244,-1.392,0.262,369,0.1041,383.13,0.000,0.000e+00,31,,,26,1.003,0,2.96230e+02,2.75988e+00,19.508293,1.14358e+02,7.25434e+00,20.192875,2.63146e+02,18.697401,1.274,1.495474,,,0,,,,,,,0.010484,0.068931,0.038083,19.508293,0.010484,2.96230e+02,0.005,3.9498,4.1897,0.1903
4.600906,16,"GRS 1124-684 
N Mus 1991 = GU Mus",11:26:27,-68:40:33,295.3006588,-7.07263349,Vâ¼13.5,i'=19.92Â±0.04,4.95+0.69-0.65,1.36E-7,10.38252Â±2E-05,171.61595798190,-68.67560507934,0.0069479,0.0061164,43.66,5234956451065289088,171.61593506934,0.3441,-68.67561133554,0.3066,0.8093,0.3809,2.1247,2.344,-1.875,0.402,-1.408,0.409,350,3.0175,450.00,1.721,2.778e+00,95,1.3790,0.0909,25,1.116,0,1.99689e+02,7.19952e-01,19.936480,3.71328e+01,3.93664e+00,21.414148,2.51855e+02,18.745018,1.447,2.669130,,,0,,,,,447077480,,0.004787,0.115138,0.024998,19.915939,0.004727,2.03503e+02,0.015,6.5259,6.5647,0.1266
2.183655,15,"GS 2023+338 
V404 Cyg",20:24:04,33:52:02,73.1187114,-2.09132512,Râ¼10.7,R=16.58Â±0.01,2.39Â±0.14,2.59E-7,155.30803Â±5E-05,306.01593626560,33.86721143191,0.0015531,0.0011805,153.24,2056188624872569088,306.01590855245,0.0525,33.86717686476,0.0607,0.3024,0.0783,3.8625,9.343,-5.177,0.079,-7.778,0.092,438,7.9769,748.54,0.406,5.052e+00,31,,,25,1.282,0,2.44729e+03,1.81537e+01,17.215652,4.82931e+02,1.73530e+01,18.628828,3.82255e+03,15.792011,1.759,2.836817,,,0,,,,,,620473640,0.008512,0.039113,0.026176,17.215652,0.008512,2.44729e+03,0.303,1.2649,1.4851,-0.2180
2.533891,15,"GS 2023+338 
V404 Cyg",20:24:04,33:52:02,73.1187114,-2.09132512,Râ¼10.7,R=16.58Â±0.01,2.39Â±0.14,2.59E-7,155.30803Â±5E-05,306.01595747487,33.86760778368,0.0028140,0.0017899,122.24,2056188620566335360,306.01592990853,0.1116,33.86757327391,0.0871,0.1423,0.1161,1.2263,9.317,-5.150,0.156,-7.765,0.132,322,2.4672,420.87,0.351,1.510e+00,95,1.3163,0.0258,20,1.099,0,1.28396e+03,1.84229e+00,17.915989,,,,,,,,,,0,,,148643060159471697,,,,0.003165,,,17.915989,0.003165,1.28396e+03,,2.5644,2.1321,-0.3891
2.935208,14,"GS 1734-275 
GRO 1735-27 = KS 1732-273",17:36:02,-27:25:41,0.1608028,2.59055981,,,,1.2E-9,,264.00924850961,-27.42812583367,0.0146322,0.0074184,69.25,4061303551667900416,264.00924146620,0.6112,-27.42813802674,0.4420,0.3785,0.6768,0.5592,3.083,-1.407,0.867,-2.743,0.529,192,0.3849,218.14,1.172,8.116e-01,95,1.0979,0.1303,12,1.018,0,1.81553e+02,1.15821e+00,20.039860,3.16697e+01,5.79687e+00,21.586933,1.65825e+02,19.198772,1.088,2.388161,,,0,,,75082640092686571,,,,0.007454,0.198755,0.074054,20.024175,0.007362,1.84195e+02,-0.302,13.9335,8.6599,0.4367
3.989859,14,"GS 1734-275 
GRO 1735-27 = KS 1732-273",17:36:02,-27:25:41,0.1608028,2.59055981,,,,1.2E-9,,264.00713198316,-27.42835773105,0.0035717,0.0012555,72.38,4061303551667936256,264.00713198316,3.4253,-27.42835773105,1.6126,,,,,,,,,86,3.7624,137.99,4.730,1.423e+01,3,,,7,,0,1.03004e+02,2.09236e+00,20.655231,3.68904e+01,1.96342e+01,21.421260,3.07660e+02,18.527720,3.345,2.893541,,,0,,,,,,,0.022226,0.577869,0.034301,20.655231,0.022226,1.03004e+02,1.880,3.4253,1.6126,0.5839
4.534372,14,"GS 1734-275 
GRO 1735-27 = KS 1732-273",17:36:02,-27:25:41,0.1608028,2.59055981,,,,1.2E-9,,264.00703992190,-27.42857374369,0.0043971,0.0030946,92.13,4061303555959374848,264.00703992190,4.3955,-27.42857374369,3.0968,,,,,,,,,54,3.0761,85.23,6.747,3.070e+00,3,,,4,,0,8.86668e+01,2.70951e+00,20.817965,1.92534e+01,1.18400e+01,22.127274,2.75373e+02,18.648090,3.323,3.479183,,,0,,,,,,,0.033293,0.667688,0.195286,20.817965,0.033293,8.86668e+01,1.772,4.3955,3.0968,-0.0267
1.911660,13,"GS 2000+251 
QZ Vul",20:02:49,25:14:11,63.3663891,-2.99847575,V=16.4,R=21.3Â±0.2,2.7Â±0.7,3.46E-7,8.258095Â±0.000005,300.70375449238,25.23601077216,0.0020658,0.0015388,151.31,1834737637189308672,300.70375449238,1.6750,25.23601077216,1.9570,,,,,,,,,102,4.0666,164.43,6.871,3.768e+00,3,,,9,,0,7.40959e+01,1.27030e+00,21.012880,4.45306e+01,1.07486e+01,21.216894,8.36109e+01,19.942238,1.729,1.274656,,,0,,,138283007037443881,,,,0.018817,0.262085,0.082410,21.012880,0.018817,7.40959e+01,0.485,1.6750,1.9570,-0.2441
1.121391,12,"GS 1354-64 
BW Cir",13:58:10,-64:44:06,309.9774112,-2.77987343,V=16.9,i'â¼20.2,â¼25,2.38E-9,61.068Â±0.002,209.54189765048,-64.73529548555,0.0060128,0.0045071,46.32,5852295847392126080,209.54183643683,0.3029,-64.73530645424,0.3125,-1.1697,0.4445,-2.6314,6.375,-5.878,0.328,-2.468,0.325,412,5.2731,602.20,1.630,3.569e+00,95,1.4004,0.0901,23,1.190,0,2.13384e+02,9.36466e-01,19.864464,7.02397e+01,4.59048e+00,20.722086,2.09219e+02,18.946392,1.310,1.775694,,,0,,,,,,,0.005504,0.071013,0.021739,19.859374,0.005485,2.14387e+02,0.005,5.3479,5.2790,0.2802
1.923983,12,"GS 1354-64 
BW Cir",13:58:10,-64:44:06,309.9774112,-2.77987343,V=16.9,i'â¼20.2,â¼25,2.38E-9,61.068Â±0.002,209.54051139066,-64.73479384958,0.0103246,0.0089532,63.98,5852296053620905472,209.54045857343,0.4138,-64.73480320539,0.4453,1.2744,0.5343,2.3852,5.492,-5.072,0.631,-2.105,0.582,210,1.8055,258.19,0.592,5.378e-01,95,1.4395,0.0777,16,1.089,0,1.12042e+02,1.82468e+00,20.563920,2.66565e+02,1.08617e+02,19.274035,5.48928e+02,17.899107,7.278,1.374928,,,0,,,,,,,0.017895,0.442413,0.424408,20.564324,0.017902,1.12000e+02,6.023,10.0752,9.2330,0.1121
3.221951,12,"GS 1354-64 
BW Cir",13:58:10,-64:44:06,309.9774112,-2.77987343,V=16.9,i'â¼20.2,â¼25,2.38E-9,61.068Â±0.002,209.54047307850,-64.73573585917,0.0050335,0.0019898,164.37,5852295847394715392,209.54047307850,2.3475,-64.73573585917,4.8770,,,,,,,,,43,1.2844,49.53,2.365,3.322e-01,3,,,4,,0,7.67046e+01,2.29004e+00,20.975313,,,,,,,,,,0,,,,,,,0.032532,,,20.975313,0.032532,7.67046e+01,,2.3475,4.8770,-0.4844
3.747831,12,"GS 1354-64 
BW Cir",13:58:10,-64:44:06,309.9774112,-2.77987343,V=16.9,i'â¼20.2,â¼25,2.38E-9,61.068Â±0.002,209.54142874296,-64.73396390037,0.0108466,0.0021374,72.29,5852296053553146880,209.54142874296,10.3528,-64.73396390037,3.8778,,,,,,,,,50,2.4988,72.19,5.884,2.863e+00,3,,,4,,0,7.02896e+01,1.54406e+00,21.070139,2.21020e+01,1.86061e+01,21.977460,2.98168e+01,21.061745,0.739,0.915716,,,0,,,,,,,0.024009,0.914005,0.416885,21.070139,0.024009,7.02896e+01,-0.471,10.3528,3.8778,0.8164
4.353071,12,"GS 1354-64 
BW Cir",13:58:10,-64:44:06,309.9774112,-2.77987343,V=16.9,i'â¼20.2,â¼25,2.38E-9,61.068Â±0.002,209.54446045343,-64.73520078762,0.0061187,0.0044050,51.11,5852295847477552640,209.54437323680,0.2802,-64.73521150593,0.2884,0.1511,0.4145,0.3645,8.716,-8.375,0.341,-2.412,0.317,417,0.8112,456.76,0.925,1.262e+00,95,1.3603,0.0841,23,1.028,0,2.28257e+02,1.05282e+00,19.791306,1.18259e+02,6.40453e+00,20.156460,3.63959e+02,18.345264,2.113,1.811195,,,0,,,,,388208210,,0.005716,0.058866,0.017969,19.785650,0.005693,2.29449e+02,0.803,5.5072,5.1491,0.3108
4.651363,12,"GS 1354-64 
BW Cir",13:58:10,-64:44:06,309.9774112,-2.77987343,V=16.9,i'â¼20.2,â¼25,2.38E-9,61.068Â±0.002,209.53886580295,-64.73549027359,0.0233807,0.0105966,36.80,5852296053550557056,209.53881247687,1.0855,-64.73549380095,1.3097,-0.1142,0.9635,-0.1185,5.182,-5.121,0.968,-0.794,1.168,243,-1.5795,227.88,0.000,0.000e+00,95,1.2080,0.1712,14,0.927,0,1.25424e+02,9.15751e-01,20.441416,,,,,,,,,,0,,,,,388208208,,0.008392,,,20.441416,0.008392,1.25424e+02,,16.3759,19.7681,0.6436
4.705250,12,"GS 1354-64 
BW Cir",13:58:10,-64:44:06,309.9774112,-2.77987343,V=16.9,i'â¼20.2,â¼25,2.38E-9,61.068Â±0.002,209.53873797453,-64.73461815180,0.0101741,0.0090018,157.12,5852296053553145984,209.53868686717,0.5210,-64.73462132570,0.5820,-0.7444,0.7142,-1.0423,4.960,-4.908,0.557,-0.714,0.606,361,0.7212,406.37,0.591,1.397e-01,95,1.2549,0.1408,21,1.026,0,1.15467e+02,7.04106e-01,20.531221,4.25026e+01,1.29221e+01,21.267504,9.47147e+01,19.806852,1.188,1.460651,,,0,,,,,,,0.007171,0.330109,0.115009,20.530616,0.007168,1.15532e+02,-0.077,9.1886,10.0057,-0.0876
1.801232,11,EXO 1846-031,18:49:17,-3:03:55,29.9580344,-0.91793414,r>23,I>22.3,â¼7,1.02E-8,,282.32125590709,-3.06554663523,0.0127961,0.0068542,66.40,4258794192383316864,282.32125246886,0.5123,-3.06555767772,0.4461,-0.3728,0.6211,-0.6002,2.602,-0.772,0.734,-2.485,0.495,154,-0.0173,184.68,0.879,7.807e-01,95,0.8654,0.1349,12,0.997,0,2.87864e+02,1.51588e+00,19.539398,2.13130e+01,5.56692e+00,22.016933,5.19786e+02,17.958334,1.880,4.058600,,,0,,,104322823212561769,,279594698,,0.006347,0.283607,0.027083,19.513807,0.006227,2.94730e+02,0.252,12.0429,8.1048,0.4388
3.835191,11,EXO 1846-031,18:49:17,-3:03:55,29.9580344,-0.91793414,r>23,I>22.3,â¼7,1.02E-8,,282.32117422545,-3.06628726011,0.0023677,0.0014926,25.45,4258794192376763008,282.32117422545,1.6887,-3.06628726011,2.2320,,,,,,,,,78,3.0171,114.96,4.792,2.514e+00,3,,,8,,0,1.06275e+02,1.80273e+00,20.621292,,,,,,,,,,0,,,104322823211820866,,,,0.018622,,,20.621292,0.018622,1.06275e+02,,1.6887,2.2320,0.3478
2.706870,10,SLX 1746-331,17:49:49,-33:12:12,356.8092322,-2.97358081,Ks=18.78Â±0.06,,,1.37E-8,,267.45377823425,-33.20265529861,0.0166384,0.0089576,70.48,4041956579551272576,267.45368583854,0.8129,-33.20270704404,0.6283,-0.9068,0.9632,-0.9415,20.932,-17.395,0.993,-11.643,0.600,266,7.1844,495.17,3.047,1.535e+01,95,1.2504,0.1477,14,1.330,0,2.22237e+02,1.83595e+00,19.820328,,,,1.98244e+02,19.004894,,,,,0,,,,,,,0.009383,,0.040721,19.820328,0.009383,2.22237e+02,,15.9649,10.1092,0.3837
3.558976,10,SLX 1746-331,17:49:49,-33:12:12,356.8092322,-2.97358081,Ks=18.78Â±0.06,,,1.37E-8,,267.45365692967,-33.20422520040,0.0026935,0.0019093,78.44,4041956583775440768,267.45362589531,0.1407,-33.20424738519,0.1174,0.1418,0.1823,0.7780,7.685,-5.843,0.164,-4.992,0.116,331,2.9976,464.94,0.501,3.289e+00,95,1.2814,0.0312,17,1.119,0,1.33375e+03,1.92115e+00,17.874678,2.73423e+02,8.66431e+00,19.246452,1.82856e+03,16.592620,1.576,2.653832,,,0,,,,,156669092,,0.003168,0.034518,0.008705,17.854392,0.003154,1.35891e+03,0.147,2.6665,1.9469,0.1365
3.652788,10,SLX 1746-331,17:49:49,-33:12:12,356.8092322,-2.97358081,Ks=18.78Â±0.06,,,1.37E-8,,267.45463322927,-33.20239677731,0.0011159,0.0009275,57.96,4041956579551273984,267.45463322927,1.0663,-33.20239677731,0.9842,,,,,,,,,157,1.9884,188.60,1.973,1.434e+00,3,,,8,,0,1.48355e+02,1.29738e+00,20.259113,,,,,,,,,,0,,,,,,,0.009887,,,20.259113,0.009887,1.48355e+02,,1.0663,0.9842,0.1650
3.705156,10,SLX 1746-331,17:49:49,-33:12:12,356.8092322,-2.97358081,Ks=18.78Â±0.06,,,1.37E-8,,267.45539443071,-33.20339584903,0.0023610,0.0015182,73.76,4041956579402108544,267.45538665476,0.1257,-33.20338431797,0.0991,0.1272,0.1559,0.8158,2.979,-1.464,0.143,2.594,0.095,350,4.6964,505.68,0.539,4.842e+00,31,,,17,1.183,0,1.60933e+03,1.87918e+00,17.670755,3.19205e+02,8.02128e+00,19.078370,1.95495e+03,16.520058,1.413,2.558312,,,0,,,,,156669093,,0.003033,0.027426,0.006736,17.670755,0.003033,1.60933e+03,-0.002,2.3061,1.6002,0.2379
3.943512,10,SLX 1746-331,17:49:49,-33:12:12,356.8092322,-2.97358081,Ks=18.78Â±0.06,,,1.37E-8,,267.45408188412,-33.20224021292,0.0128312,0.0018151,52.99,4041956579551341824,267.45408188412,10.3045,-33.20224021292,7.8582,,,,,,,,,53,1.6655,65.41,3.267,1.210e+00,3,,,5,,0,1.20293e+02,2.06078e+00,20.486765,,,,,,,,,,0,,,,,,,0.018803,,,20.486765,0.018803,1.20293e+02,,10.3045,7.8582,0.9577
2.518767,9,"H 1705-250 
N Oph 1977 = V2107 Oph",17:08:16,-25:05:30,358.5892354,9.05387073,B=16.3Â±0.5,Râ¼20.9Â±0.2,8.6Â±2.1,1.75E-8,12.51Â±0.03,257.06684840716,-25.09234668942,0.0063178,0.0041958,96.02,4112450088104203648,257.06684589787,0.2858,-25.09234846836,0.1855,0.1012,0.3380,0.2995,0.649,-0.511,0.395,-0.400,0.258,376,-2.1266,327.36,0.000,0.000e+00,95,1.4421,0.0632,18,0.922,0,3.69553e+02,9.98780e-01,19.268175,1.43846e+02,6.67934e+00,19.943800,3.60834e+02,18.354626,1.366,1.589174,,,0,,,77882570669699493,,176280197,,0.004025,0.050492,0.021794,19.265873,0.004021,3.70337e+02,0.085,6.2983,4.2250,-0.0875
3.819479,6,"3A 1524-617 
KY TrA",15:28:17,-61:52:58,320.3189872,-4.42688518,B=17.3,I=21.78Â±0.09,,4.66E-8,8 â 15,232.07167431315,-61.88179362143,0.0363991,0.0260105,55.21,5875509149190072192,232.07158282062,0.9550,-61.88181450531,1.1834,2.0598,1.5352,1.3416,10.780,-9.702,2.096,-4.699,1.901,171,2.3813,225.05,3.780,2.477e+00,95,1.4367,0.3000,12,1.132,0,8.60983e+01,8.92541e-01,20.849880,,,,8.66913e+01,19.902958,,,,,0,,,,,,,0.011588,,0.255658,20.849880,0.011588,8.60983e+01,,33.3744,29.7925,0.3055
4.546894,6,"3A 1524-617 
KY TrA",15:28:17,-61:52:58,320.3189872,-4.42688518,B=17.3,I=21.78Â±0.09,,4.66E-8,8 â 15,232.07264949227,-61.88370657711,0.0386332,0.0154991,165.20,5875509149190067456,232.07258469963,0.6934,-61.88373995255,1.2164,-0.0729,1.3162,-0.0554,10.178,-6.870,1.112,-7.509,2.375,170,1.4457,207.28,0.784,1.547e-01,95,1.2612,0.2381,10,1.079,0,1.18938e+02,1.14406e+00,20.499067,,,,,,,,,,0,,,,,,,0.010801,,,20.499067,0.010801,1.18938e+02,,17.9423,37.5609,-0.4589
4.997374,6,"3A 1524-617 
KY TrA",15:28:17,-61:52:58,320.3189872,-4.42688518,B=17.3,I=21.78Â±0.09,,4.66E-8,8 â 15,232.07313517941,-61.88364392634,0.0043336,0.0040586,14.88,5875509144902020480,232.07309049654,0.1498,-61.88365357729,0.1714,0.3150,0.2323,1.3562,5.212,-4.738,0.253,-2.171,0.271,386,0.2737,410.78,0.000,0.000e+00,95,1.3570,0.0472,21,1.009,0,4.35280e+02,1.23707e+00,19.090445,1.56426e+02,4.91611e+00,19.852772,5.41912e+02,17.913074,1.604,1.939697,,,0,,,,,380673805,,0.004137,0.034236,0.011892,19.082663,0.004120,4.38412e+02,0.278,4.0773,4.3161,0.0326
2.228264,5,"1H 1659-487 
GX 339-4 = V821 Ara",17:02:49,-48:47:23,338.9390902,-4.32648295,I=13.6Â±0.1,r=19.9Â±0.1,>5,2.56E-8,42.21Â±0.01,255.70470517787,-48.79022941413,0.0306071,0.0022354,46.69,5938658156448950016,255.70470517787,22.3253,-48.79022941413,21.0563,,,,,,,,,41,41.4596,2765.90,5.801,7.157e+01,3,,,3,,0,1.14015e+02,1.53933e+00,20.544964,,,,,,,,,,0,,,,,,,0.014915,,,20.544964,0.014915,1.14015e+02,,22.3253,21.0563,0.9894
2.784642,5,"1H 1659-487 
GX 339-4 = V821 Ara",17:02:49,-48:47:23,338.9390902,-4.32648295,I=13.6Â±0.1,r=19.9Â±0.1,>5,2.56E-8,42.21Â±0.01,255.70507908236,-48.79020902451,0.0141002,0.0130946,85.16,5938658156448950144,255.70504247537,0.6213,-48.79024417816,0.4683,2.2596,0.7472,3.0241,9.592,-5.426,0.871,-7.910,0.802,349,27.8827,1798.68,5.093,4.474e+01,95,1.3833,0.1295,20,2.234,0,2.79275e+02,1.43644e+00,19.572285,1.48038e+02,9.91453e+00,19.912611,3.86233e+02,18.280773,1.913,1.631838,,,0,,,,,,,0.006227,0.072769,0.038967,19.569376,0.006214,2.80025e+02,0.627,14.0933,13.1020,0.0124
2.837766,5,"1H 1659-487 
GX 339-4 = V821 Ara",17:02:49,-48:47:23,338.9390902,-4.32648295,I=13.6Â±0.1,r=19.9Â±0.1,>5,2.56E-8,42.21Â±0.01,255.70535990679,-48.78966428551,0.0031955,0.0006095,51.40,5938658156448950272,255.70535990679,2.5263,-48.78966428551,2.0496,,,,,,,,,175,3.5485,243.34,1.496,1.143e+00,3,,,9,,0,1.78149e+02,1.25983e+00,20.060411,,,,,,,,,,0,,,,,,,0.008158,,,20.060411,0.008158,1.78149e+02,,2.5263,2.0496,0.9266
2.983812,5,"1H 1659-487 
GX 339-4 = V821 Ara",17:02:49,-48:47:23,338.9390902,-4.32648295,I=13.6Â±0.1,r=19.9Â±0.1,>5,2.56E-8,42.21Â±0.01,255.70536884522,-48.78947795932,0.0047709,0.0009567,80.08,5938658156448950400,255.70536884522,4.7025,-48.78947795932,1.2503,,,,,,,,,138,2.0067,167.71,1.274,3.479e-01,3,,,8,,0,1.01774e+02,1.36570e+00,20.668280,,,,,,,,,,0,,,,,,,0.014828,,,20.668280,0.014828,1.01774e+02,,4.7025,1.2503,0.6303
3.741902,5,"1H 1659-487 
GX 339-4 = V821 Ara",17:02:49,-48:47:23,338.9390902,-4.32648295,I=13.6Â±0.1,r=19.9Â±0.1,>5,2.56E-8,42.21Â±0.01,255.70291657273,-48.79035632987,0.0019704,0.0012637,74.57,5938658053376020992,255.70291657273,1.9289,-48.79035632987,1.3262,,,,,,,,,85,1.1038,94.04,2.692,8.950e-01,3,,,7,,0,8.22371e+01,1.22527e+00,20.899696,3.36025e+01,6.61327e+00,21.522615,9.25535e+01,19.831913,1.534,1.690702,,,0,,,,,,,0.016410,0.213701,0.150742,20.899696,0.016410,8.22371e+01,0.240,1.9289,1.3262,0.2291
3.831800,5,"1H 1659-487 
GX 339-4 = V821 Ara",17:02:49,-48:47:23,338.9390902,-4.32648295,I=13.6Â±0.1,r=19.9Â±0.1,>5,2.56E-8,42.21Â±0.01,255.70578182970,-48.78974665404,0.0047516,0.0031169,89.39,5938658156448950528,255.70575354295,0.1737,-48.78976826464,0.1148,0.2008,0.1203,1.6689,6.421,-4.193,0.306,-4.862,0.200,277,2.4820,345.66,0.211,8.075e-01,95,1.4454,0.0188,17,1.107,0,2.64368e+02,1.43306e+01,19.631844,5.55770e+02,1.46111e+02,18.476303,9.19267e+02,17.339293,5.579,1.137011,,,0,,,,,,,0.058919,0.285451,0.221052,19.634439,0.059060,2.63737e+02,4.349,4.7514,3.1171,0.0093
0.453073,4,"4U 1755-338 
V4134 Sgr",17:58:40,-33:48:27,357.215521,-4.87236175,Vâ¼18.5,V>21.96,6.5Â±2.5,1.17E-9,â¼4.4,269.66681769193,-33.80749042390,0.0105286,0.0063963,88.13,4042473487415175168,269.66678157117,0.4549,-33.80750913108,0.3636,-1.4228,0.5747,-2.4757,7.957,-6.753,0.660,-4.209,0.385,183,2.0202,227.71,0.598,3.625e-01,95,1.3860,0.1035,12,1.107,0,2.88973e+02,1.93669e+00,19.535223,2.30523e+02,2.00905e+02,19.431757,2.64554e+02,18.691610,1.713,0.740147,,,0,,,,,,,0.007781,0.946244,0.005567,19.538962,0.007804,2.87980e+02,0.518,10.5251,6.4021,0.0338
2.106763,4,"4U 1755-338 
V4134 Sgr",17:58:40,-33:48:27,357.215521,-4.87236175,Vâ¼18.5,V>21.96,6.5Â±2.5,1.17E-9,â¼4.4,269.66604694501,-33.80722194371,0.0020363,0.0010895,56.24,4042473491665988736,269.66604694501,1.7979,-33.80722194371,1.4495,,,,,,,,,70,5.5695,150.26,4.987,5.762e+00,3,,,7,,0,1.57975e+02,4.84157e+00,20.190895,,,,,,,,,,0,,,,,,,0.033389,,,20.190895,0.033389,1.57975e+02,,1.7979,1.4495,0.5247
2.699546,4,"4U 1755-338 
V4134 Sgr",17:58:40,-33:48:27,357.215521,-4.87236175,Vâ¼18.5,V>21.96,6.5Â±2.5,1.17E-9,â¼4.4,269.66756614501,-33.80743898297,0.0154548,0.0102764,70.96,4042473491663451264,269.66757037613,0.7923,-33.80747615277,0.6572,-0.2135,0.9830,-0.2172,8.401,0.791,0.928,-8.363,0.655,344,42.1720,3145.33,6.452,1.083e+02,95,1.5550,0.1553,19,3.001,0,4.00015e+02,2.89054e+00,19.182175,,,,,,,,,,0,,,,,,,0.008315,,,19.182175,0.008315,4.00015e+02,,14.9889,10.9448,0.2505
3.216985,4,"4U 1755-338 
V4134 Sgr",17:58:40,-33:48:27,357.215521,-4.87236175,Vâ¼18.5,V>21.96,6.5Â±2.5,1.17E-9,â¼4.4,269.66768588790,-33.80778517558,0.0080614,0.0057515,87.89,4042473491691187328,269.66765983399,0.3929,-33.80781699698,0.3462,2.3673,0.5422,4.3657,8.660,-4.871,0.499,-7.160,0.343,328,15.6759,996.31,2.654,2.230e+01,95,1.2745,0.0829,18,1.676,0,5.02637e+02,2.67851e+00,18.934230,5.41901e+02,4.10439e+01,18.503742,1.32161e+03,16.945135,3.707,1.558607,,,0,,,,,,,0.006408,0.082282,0.056042,18.932350,0.006399,5.03508e+02,2.430,8.0587,5.7553,0.0254
3.582296,4,"4U 1755-338 
V4134 Sgr",17:58:40,-33:48:27,357.215521,-4.87236175,Vâ¼18.5,V>21.96,6.5Â±2.5,1.17E-9,â¼4.4,269.66749695209,-33.80678290078,0.0034490,0.0005305,54.20,4042473491613452800,269.66749695209,2.8143,-33.80678290078,2.0631,,,,,,,,,98,-0.0219,92.04,0.000,0.000e+00,3,,,9,,0,2.15619e+02,1.86762e+00,19.853150,,,,,,,,,,0,,,,,,,0.009800,,,19.853150,0.009800,2.15619e+02,,2.8143,2.0631,0.9491
3.969895,4,"4U 1755-338 
V4134 Sgr",17:58:40,-33:48:27,357.215521,-4.87236175,Vâ¼18.5,V>21.96,6.5Â±2.5,1.17E-9,â¼4.4,269.66778750178,-33.80690949107,0.0010494,0.0006807,72.05,4042473487415322368,269.66776914075,0.0519,-33.80692906527,0.0439,-0.0236,0.0643,-0.3673,5.584,-3.433,0.063,-4.404,0.043,363,0.8393,396.49,0.138,1.217e+00,31,,,19,1.031,0,5.24788e+03,3.51039e+00,16.387407,1.54153e+03,1.60542e+01,17.368666,5.69605e+03,15.358961,1.379,2.009705,,,0,,,,,156560238,,0.002849,0.011647,0.005289,16.387407,0.002849,5.24788e+03,0.043,1.0201,0.7239,0.2533
4.068855,4,"4U 1755-338 
V4134 Sgr",17:58:40,-33:48:27,357.215521,-4.87236175,Vâ¼18.5,V>21.96,6.5Â±2.5,1.17E-9,â¼4.4,269.66532295732,-33.80732434805,0.0250118,0.0017911,62.76,4042473491666242560,269.66532295732,22.2522,-33.80732434805,11.5603,,,,,,,,,54,1.7887,68.09,3.229,1.901e+00,3,,,5,,0,1.64854e+02,2.23108e+00,20.144617,,,,,,,,,,0,,,,,,,0.014950,,,20.144617,0.014950,1.64854e+02,,22.2522,11.5603,0.9847
4.596049,4,"4U 1755-338 
V4134 Sgr",17:58:40,-33:48:27,357.215521,-4.87236175,Vâ¼18.5,V>21.96,6.5Â±2.5,1.17E-9,â¼4.4,269.66790440487,-33.80825644565,0.0049628,0.0032423,73.39,4042473491663445888,269.66790630374,0.2429,-33.80828410238,0.2066,0.2579,0.3041,0.8481,6.233,0.355,0.299,-6.223,0.204,348,7.3926,594.45,1.084,5.385e+00,95,1.4586,0.0528,19,1.295,0,5.71887e+02,1.98454e+00,18.794092,2.85651e+02,1.10452e+01,19.198952,9.76330e+02,17.273903,2.207,1.925049,,,0,,,,,,,0.004668,0.042074,0.049462,18.786558,0.004647,5.75869e+02,0.882,4.8452,3.4155,0.2336
4.633478,4,"4U 1755-338 
V4134 Sgr",17:58:40,-33:48:27,357.215521,-4.87236175,Vâ¼18.5,V>21.96,6.5Â±2.5,1.17E-9,â¼4.4,269.66689847050,-33.80622741645,0.0090958,0.0047593,65.24,4042473491613474944,269.66687268713,0.4276,-33.80624202286,0.3565,-0.5414,0.4724,-1.1459,5.834,-4.820,0.524,-3.286,0.343,261,-1.4371,255.17,0.000,0.000e+00,95,1.1703,0.0845,16,0.936,0,3.11332e+02,1.68154e+00,19.454306,,,,,,,,,,0,,,,,,,0.006479,,,19.454306,0.006479,3.11332e+02,,8.4968,5.7610,0.4668
2.886710,3,"4U 1543-475 
IL Lup",15:47:08,-47:40:11,330.917871,5.42614694,V=14.9,V=16.7,7.5Â±0.5,9.42E-8,26.79377Â±0.00007,236.78448694698,-47.66952349660,0.0009319,0.0006487,120.88,5986117923045619072,236.78443716387,0.0393,-47.66954730253,0.0314,0.1909,0.0551,3.4667,9.251,-7.543,0.053,-5.356,0.046,533,2.8849,653.11,0.128,1.297e+00,31,,,20,1.089,0,4.87726e+03,3.45071e+00,16.466927,2.62567e+03,1.80107e+01,16.790443,3.44112e+03,15.906147,1.244,0.884296,,,0,,,,,,,0.002860,0.007953,0.005769,16.466927,0.002860,4.87726e+03,0.037,0.8663,0.7339,-0.3101
3.644325,3,"4U 1543-475 
IL Lup",15:47:08,-47:40:11,330.917871,5.42614694,V=14.9,V=16.7,7.5Â±0.5,9.42E-8,26.79377Â±0.00007,236.78230350150,-47.67045968542,0.0016339,0.0008531,69.68,5986117923035793280,236.78230350150,1.5606,-47.67045968542,0.9808,,,,,,,,,124,1.9196,150.36,0.912,1.219e-01,3,,,8,,0,9.02270e+01,1.11058e+00,20.799026,,,,,,,,,,0,,,,,,,0.013645,,,20.799026,0.013645,9.02270e+01,,1.5606,0.9808,0.4131
4.550206,3,"4U 1543-475 
IL Lup",15:47:08,-47:40:11,330.917871,5.42614694,V=14.9,V=16.7,7.5Â±0.5,9.42E-8,26.79377Â±0.00007,236.78472733489,-47.66887585325,0.0050153,0.0019313,54.97,5986117923035791104,236.78472733489,4.2540,-47.66887585325,3.2844,,,,,,,,,92,2.1744,118.13,3.235,7.589e-01,3,,,8,,0,7.10067e+01,1.87488e+00,21.059118,4.19912e+02,4.15244e+01,18.780645,2.70690e+02,18.666718,9.726,0.113928,,,0,,,,,,,0.028800,0.107403,0.105202,21.059118,0.028800,7.10067e+01,8.567,4.2540,3.2844,0.7207
2.377348,1,Cen X-2,14:00:28,-64:47:36,310.2000982,-2.9001343,,,,1.58E-7,,210.11701701173,-64.79397663122,0.0149907,0.0127036,29.32,5852105013438268544,210.11689994545,0.8302,-64.79399070261,0.7310,-0.3724,1.1416,-0.3262,11.656,-11.217,0.807,-3.166,0.889,210,0.8648,235.69,0.000,0.000e+00,95,1.0052,0.2461,16,1.041,0,9.61068e+01,8.34415e-01,20.730482,4.52702e+01,3.48344e+00,21.199010,7.53620e+01,20.055016,1.255,1.143995,,,0,,,,,,,0.009821,0.083591,0.356991,20.733027,0.009842,9.58818e+01,0.024,13.2880,14.4752,0.1406
3.617473,1,Cen X-2,14:00:28,-64:47:36,310.2000982,-2.9001343,,,,1.58E-7,,210.11539735361,-64.79418039438,0.0021517,0.0012223,79.19,5852105013438265216,210.11539735361,2.1259,-64.79418039438,1.2667,,,,,,,,,74,2.3537,99.65,2.580,6.007e-01,3,,,9,,0,7.60420e+01,1.32865e+00,20.984732,2.83374e+01,6.86886e+00,21.707642,1.03915e+02,19.706202,1.739,2.001440,,,0,,,,,,,0.019170,0.263192,0.183877,20.984732,0.019170,7.60420e+01,0.404,2.1259,1.2667,0.2146
3.684946,1,Cen X-2,14:00:28,-64:47:36,310.2000982,-2.9001343,,,,1.58E-7,,210.11738885523,-64.79235704080,0.0195499,0.0126890,41.33,5852105013438277376,210.11731896245,0.8501,-64.79236529626,0.8498,0.5041,1.0714,0.4705,6.950,-6.698,1.017,-1.857,1.069,223,2.1313,272.54,1.434,4.427e-01,95,1.6955,0.2196,16,1.102,0,9.67069e+01,8.33012e-01,20.723724,2.24083e+01,4.14532e+00,21.962520,7.20744e+01,20.103443,0.977,1.859078,,,0,,,,,,,0.009750,0.200870,0.198970,20.717288,0.009697,9.72818e+01,-0.339,16.0458,16.9039,0.4044
3.722675,1,Cen X-2,14:00:28,-64:47:36,310.2000982,-2.9001343,,,,1.58E-7,,210.11906537501,-64.79349367442,0.0050418,0.0036940,43.04,5852105013435729024,210.11900932211,0.2510,-64.79350246338,0.2456,-0.1498,0.3691,-0.4059,5.724,-5.371,0.270,-1.978,0.277,447,7.7592,762.24,1.707,6.213e+00,95,1.3103,0.0698,24,1.272,0,3.02426e+02,8.60839e-01,19.485820,1.16966e+02,5.76831e+00,20.168396,4.79647e+02,18.045591,1.973,2.122805,,,0,,,,,388150080,,0.004140,0.053617,0.026514,19.474861,0.004117,3.05494e+02,0.621,4.3738,4.4649,0.3008
4.077876,1,Cen X-2,14:00:28,-64:47:36,310.2000982,-2.9001343,,,,1.58E-7,,210.11467565275,-64.79408441347,0.0020173,0.0011908,44.33,5852105013438265344,210.11467565275,1.6471,-64.79408441347,1.6658,,,,,,,,,119,2.2782,151.17,4.047,3.669e+00,3,,,10,,0,7.66621e+01,1.03849e+00,20.975916,4.32017e+01,9.19803e+00,21.249792,1.25232e+02,19.503607,2.197,1.746185,,,0,,,,,,,0.014964,0.231180,0.045794,20.975916,0.014964,7.66621e+01,0.896,1.6471,1.6658,0.4831
4.556541,1,Cen X-2,14:00:28,-64:47:36,310.2000982,-2.9001343,,,,1.58E-7,,210.11802081165,-64.79446002378,0.0076252,0.0063427,39.25,5852105013438267136,210.11790463548,0.4125,-64.79446636783,0.3898,0.1236,0.5462,0.2263,11.223,-11.132,0.419,-1.427,0.438,413,2.6828,535.30,2.116,3.930e+00,95,1.2190,0.1071,23,1.095,0,1.70840e+02,6.79162e-01,20.105892,5.18758e+01,3.63857e+00,21.051130,1.60351e+02,19.235214,1.242,1.815916,,,0,,,,,,,0.005121,0.076205,0.034132,20.100159,0.005102,1.71745e+02,-0.068,6.8848,7.1395,0.1786
4.595217,1,Cen X-2,14:00:28,-64:47:36,310.2000982,-2.9001343,,,,1.58E-7,,210.11934281597,-64.79390810627,0.0041613,0.0031144,38.94,5852105009128862592,210.11924154479,0.2103,-64.79391474291,0.2061,0.4035,0.3004,1.3434,9.818,-9.704,0.220,-1.493,0.234,468,-1.1818,453.27,0.000,0.000e+00,95,1.3138,0.0584,25,0.961,0,2.88369e+02,9.02119e-01,19.537495,1.28702e+02,1.39267e+01,20.064577,4.42878e+02,18.132185,1.982,1.932392,,,0,,,,,,,0.004374,0.117519,0.064743,19.529837,0.004355,2.90410e+02,0.656,3.5650,3.7825,0.2761
4.826560,1,Cen X-2,14:00:28,-64:47:36,310.2000982,-2.9001343,,,,1.58E-7,,210.11640918166,-64.79199711465,0.0027550,0.0023011,45.45,5852105009113678080,210.11634579471,0.1310,-64.79200547595,0.1385,0.0251,0.1935,0.1298,6.359,-6.074,0.157,-1.881,0.156,488,-3.0286,412.85,0.000,0.000e+00,31,,,26,0.903,0,5.13775e+02,8.49142e-01,18.910433,1.21533e+02,3.50476e+00,20.126808,5.69734e+02,17.858715,1.345,2.268093,,,0,,,,,,,0.003288,0.031435,0.011597,18.910433,0.003288,5.13775e+02,-0.027,2.5418,2.5347,0.1781
